Obs,Availability,Location,Size,Sqft,Bath,Balcony,Price
1,Under Construction,Electronic City Phase II,2,1056,2,1,39.07
2,Ready To Move,Chikka Tirupathi,4,2600,5,3,120
3,Ready To Move,Lingadheeranahalli,3,1521,3,1,95
4,Ready To Move,Whitefield,2,1170,2,1,38
5,Ready To Move,Whitefield,4,2785,5,3,295
6,Ready To Move,7th Phase JP Nagar,2,1000,2,1,38
7,Ready To Move,Sarjapur,3,2250,3,2,148
8,Ready To Move,Mysore Road,2,1175,2,2,73.5
9,Ready To Move,Bisuvanahalli,3,1180,3,2,48
10,Ready To Move,Raja Rajeshwari Nagar,3,1540,3,3,60
11,Ready To Move,Ramakrishnappa Layout,3,2770,4,2,290
12,Under Construction,Binny Pete,3,1755,3,1,122
13,Ready To Move,Thanisandra,4,2800,5,2,380
14,Under Construction,Thanisandra,1,510,1,0,25.25
15,Ready To Move,Electronic City,2,660,1,1,23.1
16,Under Construction,Ramagondanahalli,2,1151,2,2,48.77
17,Ready To Move,Electronic City,3,1025,2,1,47
18,Ready To Move,Bisuvanahalli,3,1075,2,1,35
19,Ready To Move,Hebbal,3,1760,2,2,123
20,Ready To Move,Raja Rajeshwari Nagar,3,1693,3,3,57.39
21,Under Construction,Kanakpura Road,2,700,2,1,36
22,Ready To Move,Kundalahalli,3,1724,3,2,125
23,Under Construction,Sarjapur  Road,3,1254,3,2,38
24,Ready To Move,Ganga Nagar,1,600,1,0,38
25,Under Construction,Kanakpura Road,2,1331,2,2,91.79
26,Ready To Move,Doddathoguru,2,970,2,0,33
27,Under Construction,Whitefield,2,1459,2,1,94.82
28,Ready To Move,Adarsh Nagar,2,1270,2,1,50
29,Under Construction,Bhoganhalli,3,1670,3,1,99
30,Ready To Move,Whitefield,3,2010,3,2,91
31,Ready To Move,Lakshminarayana Pura,2,1185,2,2,75
32,Ready To Move,Yelahanka,3,1600,2,3,75
33,Ready To Move,Begur Road,2,1200,2,2,44
34,Ready To Move,Ramakrishnappa Layout,2,1500,2,2,185
35,Ready To Move,Ganga Nagar,2,845,2,1,55
36,Ready To Move,Whitefield,4,5700,5,3,650
37,Ready To Move,Varthur,2,1160,2,2,44
38,Under Construction,Gunjur,2,1140,2,3,43
39,Under Construction,Begur Road,2,1358,2,1,80.58
40,Ready To Move,Hegde Nagar,3,1569,3,1,101
41,Under Construction,Haralur Road,2,1240,2,1,70
42,Ready To Move,Hennur Road,3,2089,3,2,140
43,Ready To Move,Cholanayakanahalli,3,2511,3,3,205
44,Ready To Move,Kodanda Reddy Layout,3,1660,2,2,105
45,Under Construction,Yelahanka,2,1326,2,2,78
46,Ready To Move,EPIP Zone,3,1499,5,2,102
47,Under Construction,Dasanapura,2,708,2,2,37
48,Ready To Move,Kasavanhalli,2,1060,2,2,58.06
49,Ready To Move,Sanjay nagar,2,1000,2,2,70
50,Under Construction,Thanisandra,2,1296,2,3,80
51,Ready To Move,Kengeri,4,2894,4,1,245
52,Ready To Move,Yeshwanthpur,3,2502,3,3,138
53,Ready To Move,Chandapura,2,650,1,1,17
54,Ready To Move,Kothanur,3,2400,2,1,150
55,Ready To Move,Green View Layout,2,1007,2,2,43
56,Ready To Move,Shantiniketan Layout,2,1200,2,2,50
57,Ready To Move,Rajaji Nagar,3,1640,3,2,229
58,Under Construction,Devanahalli,2,1260,2,2,66.78
59,Ready To Move,Byatarayanapura,3,1413,2,2,75
60,Ready To Move,Whitefield,2,1116,2,1,51.91
61,Ready To Move,Electronic City,3,1530,2,1,45.9
62,Ready To Move,Sarjapur  Road,3,2497,3,2,140
63,Ready To Move,Kengeri,3,1540,2,3,64
64,Ready To Move,Thanisandra,3,1427,3,2,120
65,Ready To Move,Akshaya Nagar,3,2061,3,1,200
66,Under Construction,Devanahalli,3,1282,2,2,68.52
67,Ready To Move,LB Shastri Nagar,3,1600,3,2,65
68,Ready To Move,Hormavu,2,1500,2,1,78
69,Ready To Move,Peenya,3,1870,3,3,110
70,Ready To Move,Sarjapur,3,1600,3,1,75
71,Ready To Move,Electronic City,2,880,1,1,16.5
72,Ready To Move,Kudlu Gate,3,1535,3,2,83
73,Ready To Move,Kanakpura Road,2,950,2,1,57
74,Under Construction,Devanahalli,2,1360,2,1,65
75,Under Construction,Chandra Layout,3,1260,2,2,85.05
76,Under Construction,Yelahanka,5,3050,5,1,213
77,Ready To Move,Kasavanhalli,3,1563,3,1,105
78,Under Construction,Anandapura,2,1167,2,1,43.76
79,Ready To Move,Kengeri Satellite Town,2,890,2,1,35
80,Ready To Move,Basavanapura,3,1612,3,3,46.74
81,Under Construction,Mysore Road,3,1710,4,2,91.31
82,Ready To Move,Kannamangala,2,957,2,1,58
83,Ready To Move,Hulimavu,2,1125,2,2,50
84,Under Construction,Electronic City Phase II,2,1020,2,1,30.6
85,Ready To Move,Thanisandra,3,1735,3,3,135
86,Ready To Move,Thanisandra,3,2050,3,1,145
87,Under Construction,Hosa Road,2,1063,2,1,32
88,Ready To Move,Keshava Nagar,3,1904,3,1,150
89,Ready To Move,RMV Extension,3,2000,3,1,175
90,Ready To Move,Tejaswini Nagar,3,1425,2,2,75
91,Ready To Move,Electronic City,3,1500,2,1,64.5
92,Ready To Move,Electronic City,2,1060,2,1,60
93,Ready To Move,Jai Bheema Nagar,3,1470,2,2,70
94,Ready To Move,Attibele,1,450,1,1,11
95,Under Construction,Electronic City,2,1152,2,1,64.5
96,Ready To Move,Electronic City,3,1350,2,1,56
97,Ready To Move,CV Raman Nagar,3,1550,3,3,65
98,Ready To Move,Malleshwaram,1,705,1,2,67
99,Ready To Move,Electronic City,2,770,1,1,36
100,Ready To Move,Hulimavu,2,1242,2,3,51
101,Ready To Move,Hebbal Kempapura,3,1700,3,2,155
102,Ready To Move,Thanisandra,3,2144,3,2,145
103,Under Construction,Vijayanagar,3,1704,3,2,110
104,Ready To Move,Electronic City,2,1070,2,1,52
105,Ready To Move,Electronic City,2,1025,2,1,46
106,Ready To Move,Marathahalli,2,1200,2,2,52
107,Ready To Move,Pattandur Agrahara,3,1550,2,3,80
108,Ready To Move,Marathahalli,2,1200,2,2,60
109,Ready To Move,Yelahanka,2,1327,2,2,98
110,Ready To Move,HSR Layout,3,1400,3,2,56
111,Ready To Move,Whitefield,2,1225,2,2,47.6
112,Ready To Move,Kadugodi,3,1260,2,2,54
113,Ready To Move,Yelahanka,3,1282,2,2,48.7
114,Ready To Move,Kogilu,3,1909,3,2,88
115,Ready To Move,Panathur,2,1359,2,1,87
116,Ready To Move,Kammasandra,3,1595,3,2,65
117,Ready To Move,Electronics City Phase 1,3,1475,3,2,78.29
118,Ready To Move,Tala Cauvery Layout,3,1580,3,3,100
119,Ready To Move,Dasarahalli,2,1295,2,1,65
120,Ready To Move,Electronic City,1,589,1,1,27
121,Under Construction,Sarjapur  Road,3,1787,3,2,98.29
122,Ready To Move,Sarjapur  Road,3,1787,3,2,125
123,Ready To Move,Koramangala,3,1475,2,3,90
124,Under Construction,Sarjapur  Road,2,984,2,1,44.28
125,Ready To Move,Muthurayya Swamy Layout,3,2405,4,2,260
126,Ready To Move,7th Phase JP Nagar,2,1080,2,2,72
127,Ready To Move,Budigere,2,1153,2,2,56.4
128,Ready To Move,Dodda Nekkundi Extension,2,1148,2,2,60
129,Ready To Move,Mylasandra,2,1110,2,2,55
130,Ready To Move,Electronic City,2,1100,2,2,42
131,Ready To Move,Kalyan nagar,2,1290,2,2,110
132,Under Construction,Vijayanagar,3,1933,3,1,129
133,Under Construction,Chandapura,1,645,1,1,16.45
134,Under Construction,Chandapura,1,645,1,1,16.45
135,Ready To Move,Ashwath Nagar,3,1644,3,3,84
136,Ready To Move,Ncpr Industrial Layout,2,1285,2,3,72.5
137,Ready To Move,Electronic City,2,910,2,1,40
138,Ready To Move,Kothanur,3,1577,3,1,70
139,Under Construction,Meenakunte,3,4050,3,2,280
140,Ready To Move,OMBR Layout,3,2420,3,2,185
141,Ready To Move,Chandapura,2,800,1,1,20
142,Ready To Move,7th Phase JP Nagar,2,1270,2,2,93
143,Under Construction,Electronic City,2,1108,2,1,63
144,Ready To Move,Coffee Board Layout,3,3045,3,2,170
145,Ready To Move,Ambedkar Nagar,4,2900,3,2,300
146,Ready To Move,Vijayanagar,3,1500,3,2,75.5
147,Ready To Move,Raja Rajeshwari Nagar,2,1295,2,2,43.9
148,Ready To Move,Budigere,2,1162,2,1,59.9
149,Ready To Move,Sarjapur  Road,2,1035,2,2,49.2
150,Ready To Move,Attibele,4,1600,4,0,52.8
151,Under Construction,Hennur Road,3,1866,2,2,61.58
152,Ready To Move,Geleyara Balaga Layout,2,700,1,1,26
153,Ready To Move,Kalena Agrahara,3,1804,3,2,120
154,Under Construction,Talaghattapura,3,1868,3,2,131
155,Ready To Move,Hegde Nagar,3,2026,3,2,132
156,Ready To Move,Balagere,2,1210,2,1,80.9
157,Ready To Move,Meenakunte,4,4111,4,2,250
158,Ready To Move,Kadugodi,3,1762,3,3,91.45
159,Ready To Move,Jigani,3,1252,3,3,55
160,Ready To Move,Gollarapalya Hosahalli,2,861,2,1,34.5
161,Ready To Move,7th Phase JP Nagar,3,1420,2,1,100
162,Ready To Move,Electronics City Phase 1,3,1490,3,1,78.8
163,Under Construction,Old Madras Road,3,1425,2,2,94
164,Ready To Move,Kalena Agrahara,2,1200,2,1,40
165,Ready To Move,Silver Springs Layout,2,1084,2,2,50
166,Under Construction,Chandapura,2,1015,2,2,25.88
167,Under Construction,Kanakpura Road,2,1017,2,1,51.25
168,Ready To Move,Electronic City Phase II,2,1069,2,2,45
169,Ready To Move,Hebbal,2,1349,2,1,98.2
170,Ready To Move,9th Phase JP Nagar,2,1005,2,1,50
171,Ready To Move,Jakkur,2,1417,2,3,75
172,Ready To Move,Maruthi Sevanagar,2,950,2,2,47
173,Ready To Move,RMV 2nd Stage,4,2000,4,0,120
174,Ready To Move,Sarjapur  Road,4,1863,3,2,104
175,Ready To Move,Singasandra,2,1010,2,1,29.5
176,Ready To Move,Kalena Agrahara,3,1425,2,1,70
177,Ready To Move,Vijayanagar,3,1450,3,0,100
178,Ready To Move,Kothanur,3,1847,3,2,105
179,Ready To Move,AECS Layout,2,1100,2,3,45
180,Under Construction,Kanakpura Road,1,525,1,1,26
181,Ready To Move,Mallasandra,3,1665,3,2,95
182,Ready To Move,Begur,4,1664,4,3,65
183,Ready To Move,JP Nagar,3,1850,3,3,150
184,Ready To Move,Panathur,2,1438,2,3,100
185,Ready To Move,Sunder Ram Shetty Nagar,3,1560,3,3,115
186,Ready To Move,Kanakpura Road,3,1550,3,3,67
187,Ready To Move,Whitefield,2,1280,2,2,75
188,Ready To Move,Motappa Layout,2,1113,2,1,51
189,Ready To Move,Hennur Road,2,1385,2,1,83.09
190,Under Construction,Electronic City,2,1128,2,1,65
191,Ready To Move,Rajaji Nagar,3,2390,3,2,415
192,Ready To Move,Haralur Road,3,1464,3,2,56
193,Ready To Move,Kaval Byrasandra,2,1200,2,2,52
194,Ready To Move,Kaggalipura,3,1150,2,1,55
195,Ready To Move,Basavanna Nagar,3,1645,3,2,95
196,Ready To Move,6th Phase JP Nagar,2,1192,2,2,74
197,Ready To Move,Ulsoor,3,2135,3,2,215
198,Under Construction,Whitefield,2,1173,2,1,58
199,Ready To Move,Uttarahalli,2,1020,2,2,45
200,Ready To Move,Thigalarapalya,4,3122,6,2,230
201,Ready To Move, Devarachikkanahalli,2,1250,2,2,40
202,Ready To Move,Kalena Agrahara,2,1325,2,2,76
203,Ready To Move,7th Phase JP Nagar,3,1850,3,1,150
204,Under Construction,Bommasandra,3,1260,3,1,49.36
205,Ready To Move,Prashanth Nagar,3,1800,3,0,150
206,Under Construction,Suragajakkanahalli,3,11,3,2,74
207,Ready To Move,Ardendale,2,1100,2,1,43.25
208,Ready To Move,Harlur,2,1508,2,1,77
209,Ready To Move,Sampigehalli,3,1592,3,2,75
210,Ready To Move,Akshaya Nagar,2,1388,2,3,57
211,Under Construction,Electronic City Phase II,1,630,1,1,28.35
212,Ready To Move,Kodihalli,4,3252,5,3,335
213,Under Construction,Magadi Road,2,1116,2,1,50
214,Ready To Move,Narayanapura,2,1308,2,2,89.04
215,Ready To Move,Hennur,2,1075,2,1,52
216,Under Construction,Chandapura,1,530,1,0,11.66
217,Ready To Move,5th Phase JP Nagar,2,1075,2,2,60
218,Ready To Move,KR Puram,2,930,2,2,39
219,Ready To Move,Balagere,2,1380,2,1,60
220,Ready To Move,Hebbal,4,2483,5,2,212
221,Ready To Move,Kodigehaali,2,1166,2,2,55
222,Ready To Move,Bannerghatta Road,2,1050,2,1,65
223,Under Construction,Gopalapura,3,2024,3,2,275
224,Ready To Move,Begur Road,2,1200,2,2,46.8
225,Ready To Move,Lakshminarayana Pura,3,1600,2,1,108
226,Ready To Move,Billekahalli,3,1935,3,2,110
227,Under Construction,8th Phase JP Nagar,1,451,1,0,29.9
228,Ready To Move,Electronic City,3,1800,3,2,95
229,Under Construction,Jalahalli,3,1400,3,0,77
230,Ready To Move,Hegde Nagar,3,1801,3,2,115
231,Ready To Move,Begur Road,2,1160,2,2,44
232,Ready To Move,Kanakpura Road,2,950,2,1,40
233,Under Construction,Vijayanagar,3,1826,3,2,121
234,Ready To Move,7th Phase JP Nagar,2,1245,2,1,94
235,Ready To Move,Raja Rajeshwari Nagar,2,1145,2,2,45.79
236,Ready To Move,Sompura,2,825,2,1,33
237,Under Construction,Yeshwanthpur,3,1693,3,3,108
238,Ready To Move,Electronics City Phase 1,2,1113,2,2,53
239,Ready To Move,Ashirvad Colony,2,1460,2,1,58
240,Ready To Move,Doddathoguru,2,1050,2,1,32
241,Ready To Move,Dodda Nekkundi,2,1260,2,2,55
242,Ready To Move,Hosur Road,2,1656,2,1,120
243,Ready To Move,Chandapura,3,1208,3,1,45
244,Ready To Move,Whitefield,3,1910,3,2,161
245,Ready To Move,Whitefield,4,3252,4,1,230
246,Ready To Move,7th Phase JP Nagar,2,1175,2,1,82
247,Ready To Move,Rajaji Nagar,3,2390,3,2,410
248,Ready To Move,Kengeri,2,750,2,1,38
249,Ready To Move,Kanakpura Road,3,1550,3,3,64.5
250,Ready To Move,Amco Colony,3,1760,3,2,88
251,Ready To Move,Billekahalli,2,1125,2,2,62
252,Ready To Move,Budigere,3,1991,4,2,103
253,Under Construction,Bommasandra,2,1060,2,1,26.5
254,Ready To Move,Ambalipura,2,1105,2,1,75
255,Ready To Move,Hoodi,2,985,2,2,67
256,Under Construction,Balagere,3,1590,3,2,79
257,Ready To Move,CV Raman Nagar,2,1120,2,2,55
258,Ready To Move,Samethanahalli,2,1069,2,1,55
259,Ready To Move,Marathahalli,3,1933,3,2,140
260,Under Construction,Hosur Road,2,1194,2,0,69
261,Ready To Move,Brookefield,2,1150,2,3,69
262,Ready To Move,Raja Rajeshwari Nagar,2,1419,2,2,48.1
263,Ready To Move,Suddaguntepalya,3,1450,3,2,55
264,Under Construction,Udayapur Village,3,1630,3,2,68.29
265,Ready To Move,Dasanapura,2,708,1,1,40
266,Ready To Move,Bellandur,2,1250,2,1,76
267,Ready To Move,7th Phase JP Nagar,3,1400,2,1,95
268,Ready To Move,Ardendale,3,1750,3,2,100
269,Ready To Move,Vittasandra,2,1404,2,1,71
270,Ready To Move,Hoodi,3,1715,2,2,95
271,Under Construction,Electronic City,1,630,1,1,34.65
272,Ready To Move,Harlur,3,1752,3,2,135
273,Ready To Move,Raja Rajeshwari Nagar,2,1295,2,1,55.47
274,Ready To Move,Giri Nagar,3,1800,3,2,252
275,Under Construction,Sarjapur  Road,2,1346,2,1,74.03
276,Ready To Move,Hormavu,2,1150,2,2,55
277,Ready To Move,Chikkabidarakallu,4,3309,4,3,325
278,Under Construction,Chandapura,3,1190,2,2,30.35
279,Ready To Move,AECS Layout,3,1620,3,2,98
280,Ready To Move,1 Giri Nagar,11,5000,9,3,360
281,Ready To Move,Harlur,3,2450,3,0,120
282,Under Construction,Electronic City Phase II,3,1220,2,1,35.23
283,Ready To Move,Hoysalanagar,2,850,2,1,30
284,Ready To Move,Defence Colony,2,1150,2,2,126
285,Under Construction,Hebbal,3,1760,2,2,130
286,Ready To Move,Amruthahalli,2,900,2,1,40
287,Under Construction,Whitefield,2,1130,2,1,42.16
288,Ready To Move,Koramangala,2,1320,2,1,165
289,Ready To Move,Patelappa Layout,2,1200,2,1,62
290,Ready To Move,Subramanyapura,2,929,2,0,50.17
291,Ready To Move,RMV 2nd Stage,4,1150,4,2,260
292,Ready To Move,3rd Block Hrbr Layout,5,1200,5,2,190
293,Ready To Move,Hebbal Kempapura,2,1130,2,2,60
294,Ready To Move,Surabhi Layout,3,1753,3,2,120
295,Ready To Move,Old Madras Road,5,4500,7,3,337
296,Under Construction,Hoodi,2,1196,2,2,94.42
297,Ready To Move,5th Phase JP Nagar,2,1150,3,3,52.5
298,Under Construction,Electronic City,2,1128,2,1,63
299,Ready To Move,Omkar Nagar,2,1000,2,1,53
300,Ready To Move,Yelahanka,2,1035,2,1,45
301,Ready To Move,Bisuvanahalli,3,1075,2,1,36
302,Ready To Move,Whitefield,2,1040,2,1,48.5
303,Ready To Move,Lingadheeranahalli,3,1511,3,1,95
304,Under Construction,Hoodi,3,1545,3,1,68.75
305,Ready To Move,JP Nagar,2,1000,2,1,35
306,Under Construction,Kambipura,2,883,2,1,45
307,Under Construction,Sarjapur  Road,2,1195,2,1,70
308,Ready To Move,Vittasandra,2,1246,2,1,67
309,Under Construction,Haralur Road,4,2805,5,3,154
310,Ready To Move,VHBCS Layout,2,1353,2,2,110
311,Under Construction,Electronic City,3,1599,3,2,125
312,Ready To Move,Whitefield,2,1150,2,1,70
313,Under Construction,Jakkur,4,5230,6,1,465
314,Ready To Move,KR Puram,2,1155,2,2,42.74
315,Ready To Move,Rajiv Nagar,3,1867,3,1,160
316,Under Construction,Ramagondanahalli,2,1251,2,1,47
317,Under Construction,Gattahalli,2,1028,2,1,45.5
318,Ready To Move,Arekere,2,1222,2,2,45
319,Ready To Move,Bannerghatta Road,3,1170,2,1,66
320,Ready To Move,Hebbal,3,2400,4,1,245
321,Ready To Move,HSR Layout,2,1372,2,1,68
322,Ready To Move,Magadi Road,3,1282,2,2,49
323,Ready To Move,Mico Layout,9,5000,9,3,210
324,Ready To Move,Kanakpura Road,2,1135,2,1,39.73
325,Ready To Move,Byatarayanapura,3,1325,2,1,90
326,Under Construction,Electronic City,3,1599,3,2,99
327,Ready To Move,Hebbal,3,3450,5,2,260
328,Under Construction,Munnekollal,2,1102,2,2,53.67
329,Ready To Move,Yelahanka,2,1350,2,2,54
330,Under Construction,Kanakpura Road,1,525,1,1,27.25
331,Ready To Move,Attibele,2,656,2,1,25
332,Ready To Move,3rd Block Hrbr Layout,2,1056,2,1,80
333,Under Construction,Bannerghatta Road,1,595,1,1,33.32
334,Under Construction,7th Phase JP Nagar,3,2225,3,1,160
335,Under Construction,Bommasandra,2,1126,2,1,28.15
336,Ready To Move,Electronics City Phase 1,3,1490,3,1,84
337,Ready To Move,Sarjapur  Road,3,1550,3,3,100
338,Ready To Move,Whitefield,4,4144,4,3,315
339,Ready To Move,Sarjapur  Road,3,2100,3,2,125
340,Ready To Move,Vittasandra,2,1404,2,1,69.3
341,Ready To Move,Sarjapur  Road,4,2230,4,3,225
342,Under Construction,Banashankari Stage III,3,1305,2,1,58.7
343,Ready To Move,Marathahalli,2,1230,2,2,80
344,Under Construction,Hormavu,1,715,1,2,46
345,Ready To Move,Whitefield,3,2500,3,2,313
346,Ready To Move,Dooravani Nagar,3,1578,3,1,180
347,Ready To Move,Jigani,2,1020,2,1,40
348,Ready To Move,Koramangala,2,1253,2,1,102
349,Ready To Move,JCR Layout,2,1180,2,2,42
350,Ready To Move,Nehru Nagar,2,961,2,2,38
351,Ready To Move,Harlur,3,1709,3,2,150
352,Ready To Move,Sneha Colony,2,1260,2,2,45
353,Ready To Move,RMV Extension,3,1630,3,2,85
354,Under Construction,Sarjapur  Road,3,1249,3,2,44.71
355,Ready To Move,Kalena Agrahara,3,1450,2,3,85
356,Under Construction,Konanakunte,3,2791,3,1,223
357,Ready To Move,Ashwini layout,1,834,1,1,60
358,Ready To Move,Gottigere,2,891,2,1,25
359,Ready To Move,Raja Rajeshwari Nagar,2,1133,2,1,49.07
360,Ready To Move,Bisuvanahalli,3,1075,2,1,37
361,Ready To Move,Raja Rajeshwari Nagar,2,1090,2,1,42
362,Under Construction,Hebbal,3,1920,3,2,134
363,Ready To Move,HRBR Layout,2,1374,2,2,95
364,Under Construction,Kanakapura,1,711,1,1,36
365,Ready To Move,Tumkur Road,3,1500,3,3,95
366,Ready To Move,Whitefield,3,1720,3,3,100
367,Ready To Move,Mysore Road,2,1200,2,1,85
368,Under Construction,Hosahalli,3,1375,3,2,70
369,Ready To Move,Jalahalli,3,2250,3,2,160
370,Ready To Move,Bellandur,2,1000,2,2,50
371,Ready To Move,Jalahalli West,1,469,1,0,25
372,Ready To Move,Marathahalli,4,3800,4,3,250
373,Ready To Move,Kambipura,2,883,2,1,29
374,Ready To Move,GM Palaya,3,1820,2,3,86
375,Ready To Move,Malleshwaram,4,2500,5,2,325
376,Ready To Move,Jalahalli East,1,750,1,2,40
377,Ready To Move,Hosakerehalli,3,2378,3,1,262
378,Ready To Move,Sarjapur,2,1128,2,1,60
379,Ready To Move,Hebbal,3,1500,3,1,150
380,Under Construction,Kanakpura Road,3,1100,2,1,58
381,Ready To Move,Bommasandra,3,1200,3,2,46
382,Ready To Move,Nagondanahalli,3,1641,3,2,66
383,Ready To Move,Raja Rajeshwari Nagar,2,1260,2,1,67.39
384,Ready To Move,Yelahanka,2,1210,2,1,45.98
385,Ready To Move,Bisuvanahalli,3,1075,2,1,45
386,Ready To Move,Thanisandra,3,1702,3,2,130
387,Ready To Move,Shanthala Nagar,2,1630,2,2,200
388,Ready To Move,Raja Rajeshwari Nagar,2,1141,2,2,38.55
389,Ready To Move,Yelahanka,3,35000,3,3,130
390,Ready To Move,Ambedkar Colony,3,1875,3,2,165
391,Ready To Move,Brookefield,3,1200,3,2,140
392,Ready To Move,Whitefield,2,1140,2,1,56
393,Ready To Move,Lingadheeranahalli,3,1683,3,1,109
394,Under Construction,Hoodi,4,2118,4,2,111
395,Ready To Move,Avalahalli,3,2300,3,3,120
396,Ready To Move,Prakruthi Nagar,2,1240,2,2,60
397,Ready To Move,Surabhi Layout,3,1750,3,1,120
398,Ready To Move,Abbigere,2,985,2,1,40.39
399,Ready To Move,Tindlu,3,1500,2,1,87
400,Ready To Move,Maruthi Sevanagar,2,950,2,1,44
401,Under Construction,Electronic City Phase II,2,1090,2,1,28.34
402,Under Construction,Kammasandra,2,810,2,2,24.5
403,Ready To Move,Green Garden Layout,2,1045,2,0,45
404,Under Construction,Hebbal,2,1337,2,1,82
405,Ready To Move,Koramangala,3,1580,3,2,160
406,Ready To Move,Begur Road,3,1500,2,3,54
407,Under Construction,Whitefield,3,1640,4,2,91
408,Ready To Move,Silver Springs Layout,3,1570,3,2,62
409,Ready To Move,Gubbalala,3,1470,2,2,82
410,Ready To Move,7th Phase JP Nagar,2,1050,2,1,71
411,Under Construction,Dairy Circle,3,1855,3,1,225
412,Ready To Move,Bannerghatta Road,3,1460,2,1,90
413,Ready To Move,Electronic City,2,1094,2,2,42
414,Ready To Move,Budigere,2,1153,2,2,57
415,Ready To Move,Hoysalanagar,3,1325,3,1,57
416,Ready To Move,Jakkur,3,1590,2,2,125
417,Ready To Move,Narayana Nagar 1st Block,2,1202,2,1,48
418,Ready To Move,KSRTC Layout,2,1200,2,3,62.5
419,Under Construction,Panathur,3,1688,3,1,118
420,Ready To Move,Kaval Byrasandra,2,1020,2,1,52
421,Ready To Move,Sarjapur,2,1185,2,2,47
422,Under Construction,Ramagondanahalli,2,1235,2,1,52.04
423,Ready To Move,Hosakerehalli,4,3205,5,1,500
424,Ready To Move,Kengeri Satellite Town,3,1415,2,3,66
425,Under Construction,EPIP Zone,3,2330,3,2,162
426,Ready To Move,Whitefield,2,805,2,2,35
427,Ready To Move,Whitefield,2,1155,2,3,59.95
428,Ready To Move,New Gurappana Palya,2,1100,2,0,48
429,Ready To Move,Ambedkar Colony,2,1468,2,1,140
430,Ready To Move,Palanahalli,4,4300,5,2,550
431,Under Construction,Whitefield,3,2280,4,2,126
432,Ready To Move,Hegde Nagar,2,1341,2,1,97
433,Under Construction,Electronic City Phase II,4,2225,4,0,98.88
434,Ready To Move,Thanisandra,2,1185,2,2,43.51
435,Ready To Move,Vadarpalya,3,1750,3,2,85
436,Ready To Move,Kudlu,2,1152,2,1,53.5
437,Ready To Move,Hulimavu,2,1300,2,3,36
438,Ready To Move,Uttarahalli,2,1101,2,0,45
439,Ready To Move,Yeshwanthpur,1,667,1,1,36.85
440,Ready To Move,Electronic City,2,1070,2,1,55
441,Ready To Move,Old Airport Road,3,1875,2,2,110
442,Ready To Move,Kundalahalli,2,735,2,1,57.99
443,Ready To Move,Marathahalli,2,1215,2,1,67
444,Ready To Move,Vishwapriya Layout,2,820,2,1,30
445,Ready To Move,Battarahalli,3,1779,3,2,89.61
446,Ready To Move,HMT Layout,2,1105,2,2,58
447,Ready To Move,Whitefield,3,1650,3,2,60
448,Ready To Move,Jalahalli,2,1694,2,2,150
449,Ready To Move,Hosakerehalli,3,2376,3,1,203
450,Ready To Move,Kammasandra,2,674,2,1,33
451,Ready To Move,Kaggadasapura,2,1185,2,1,41
452,Ready To Move, Thanisandra,1,445,1,0,28
453,Ready To Move,Gottigere,3,1618,3,3,82.5
454,Ready To Move,Koramangala,2,1120,2,0,65
455,Ready To Move,Marathahalli,4,2181,3,2,152
456,Under Construction,Bannerghatta Road,3,1556,2,1,59.13
457,Under Construction,Bannerghatta Road,2,1179,2,1,66.02
458,Ready To Move,Thanisandra,2,1296,2,2,83
459,Ready To Move,Kaggadasapura,2,1275,2,2,52
460,Ready To Move,Gottigere,2,1222,2,1,63
461,Ready To Move,Electronic City,2,940,2,1,41
462,Ready To Move,Thanisandra,2,1185,2,2,42.6
463,Ready To Move,Tumkur Road,3,1779,3,2,112
464,Ready To Move,Begur Road,3,1615,3,2,59.76
465,Ready To Move,Haralur Road,2,1056,2,1,61
466,Ready To Move,Arekere,2,920,2,1,40
467,Ready To Move,ITI Layout,3,1602,2,0,75
468,Ready To Move,Kasavanhalli,3,1717,3,3,99
469,Under Construction,Bhoganhalli,4,2119,4,3,111
470,Ready To Move,Vittasandra,2,1246,2,1,67.3
471,Under Construction,Anandapura,2,1141,2,1,42.79
472,Under Construction,Chandapura,2,1025,2,2,27.68
473,Ready To Move,Yelahanka New Town,1,650,1,2,33
474,Ready To Move,Hebbal,2,1349,2,1,98
475,Ready To Move,Narayanapura,3,1566,3,1,83.3
476,Ready To Move,Sahakara Nagar,4,2830,3,3,195
477,Ready To Move,Varthur,2,1091,2,1,34.9
478,Ready To Move,Rachenahalli,4,3670,4,3,300
479,Under Construction,Yeshwanthpur,4,1950,4,0,130
480,Ready To Move,Yelahanka,3,1705,3,2,95
481,Ready To Move,Kalyan nagar,3,1375,3,2,75
482,Under Construction,Kanakpura Road,1,525,1,1,30
483,Ready To Move,Thanisandra,2,1114,2,1,39
484,Ready To Move,7th Phase JP Nagar,3,1450,2,1,100
485,Ready To Move,Hebbal,2,1000,2,2,45
486,Under Construction,Electronic City,2,1128,2,1,68.75
487,Under Construction,Kanakpura Road,2,1180,2,2,57
488,Ready To Move,Kanakpura Road,2,1339,2,3,75
489,Ready To Move,7th Phase JP Nagar,2,1040,2,1,39.52
490,Ready To Move,Sarjapur  Road,3,1691,3,2,113
491,Ready To Move,Bisuvanahalli,3,1075,3,2,36
492,Ready To Move,Mallasandra,3,1665,3,2,86.58
493,Ready To Move,Brookefield,2,1142,2,2,70
494,Ready To Move,Kodbisanhalli,3,1976,3,1,184
495,Ready To Move,Electronics City Phase 1,2,1175,2,2,51.47
496,Ready To Move,Subramanyapura,2,1200,2,2,52
497,Ready To Move,Kodichikkanahalli,2,995,2,1,41
498,Ready To Move,Magadi Road,2,884,2,1,41.1
499,Ready To Move,Yeshwanthpur,2,1170,2,2,57
500,Ready To Move,KR Puram,2,1225,2,1,46.55
501,Under Construction,Electronic City,2,1342,2,1,73.3
502,Ready To Move,Kodigehaali,3,1320,3,0,65
503,Ready To Move,Raja Rajeshwari Nagar,2,1140,2,1,49.39
504,Ready To Move,Battarahalli,2,1300,2,1,50
505,Ready To Move,Thigalarapalya,3,2072,4,2,142
506,Ready To Move,Electronic City,3,1360,2,1,71
507,Ready To Move,Hosur Road,3,1145,2,2,60
508,Ready To Move,Uttarahalli,3,1540,2,0,40
509,Ready To Move,Sarjapur  Road,2,1278,2,2,95
510,Under Construction,Electronic City Phase II,1,630,1,1,40
511,Under Construction,Kanakpura Road,3,1100,3,2,58
512,Ready To Move,Bendiganahalli,3,1200,3,0,95
513,Under Construction,Chandapura,2,1015,2,2,25.88
514,Ready To Move,Ferrar Nagar,2,1180,2,1,69
515,Ready To Move,Whitefield,2,1116,2,3,51.91
516,Ready To Move,7th Phase JP Nagar,2,1070,2,1,42.79
517,Under Construction,Varthur,2,1385,2,3,80
518,Under Construction,Magadi Road,2,1005,2,1,55.78
519,Ready To Move,Green Glen Layout,3,1575,3,2,125
520,Ready To Move,Subramanyapura,2,975,2,1,65
521,Ready To Move,Hennur Road,3,1904,3,2,120
522,Under Construction,Kanakpura Road,1,525,1,1,26
523,Ready To Move,Electronic City Phase II,2,2400,3,1,150
524,Ready To Move,Harlur,2,1174,2,1,69
525,Ready To Move,Whitefield,3,2225,2,1,125
526,Ready To Move,M.G Road,2,1250,2,0,200
527,Ready To Move,Jigani,2,918,2,2,52
528,Ready To Move,Marathahalli,2,1170,2,3,53
529,Ready To Move,Jakkur,3,1710,3,2,107
530,Ready To Move,Kambipura,3,1082,2,1,57.5
531,Ready To Move,Horamavu Banaswadi,3,1554,3,2,55
532,Under Construction,Hosa Road,2,1045,2,1,98.89
533,Ready To Move,Ambedkar Nagar,3,1935,4,2,130
534,Ready To Move,Lakshminarayana Pura,3,1680,3,2,150
535,Under Construction,Hebbal,4,2470,5,2,247
536,Ready To Move,1st Phase JP Nagar,4,2825,4,3,250
537,Ready To Move,Hosakerehalli,3,2480,3,1,330
538,Ready To Move,Kasavanhalli,3,1799,3,3,90
539,Ready To Move,Attibele,1,400,1,1,11
540,Under Construction,Kundalahalli,2,1047,2,1,82
541,Ready To Move,Kaverappa Layout,2,1282,2,2,87
542,Ready To Move,Whitefield,2,1495,2,1,79.5
543,Ready To Move,Kasavanhalli,4,3260,4,1,240
544,Ready To Move,Koramangala,4,3500,5,2,425
545,Ready To Move,Sahakara Nagar,3,1500,2,2,95
546,Ready To Move,Uttarahalli,3,1540,3,0,50
547,Under Construction,Hosa Road,3,1639,3,1,80
548,Ready To Move,Raja Rajeshwari Nagar,2,1303,2,2,55.79
549,Ready To Move,Koramangala,2,1005,1,1,110
550,Under Construction,Chandapura,3,1305,3,1,33.28
551,Ready To Move,Brookefield,3,1440,2,3,68
552,Ready To Move,Rajaji Nagar,3,1725,3,3,200
553,Under Construction,Varthur,3,1535,3,2,65.99
554,Ready To Move,Haralur Road,3,1464,3,2,56
555,Ready To Move,Devarabisanahalli,2,1350,2,3,80
556,Ready To Move,Giri Nagar,2,650,2,0,42
557,Ready To Move,Electronics City Phase 1,2,950,2,3,31
558,Ready To Move,7th Phase JP Nagar,2,1190,2,1,49.98
559,Ready To Move,Hennur Road,3,1891,3,1,109
560,Under Construction,Hosa Road,2,1161,2,1,55.15
561,Ready To Move,Yeshwanthpur,1,665,1,1,36.85
562,Ready To Move,Hoodi,2,1425,2,2,80
563,Ready To Move,Somasundara Palya,2,1255,2,2,67
564,Ready To Move,Hegde Nagar,3,2113,4,2,145
565,Under Construction,Haralur Road,3,1810,3,2,100
566,Under Construction,Electronic City Phase II,3,1400,2,1,40.43
567,Ready To Move,Vidyaranyapura,3,1485,2,2,67
568,Ready To Move,Pattandur Agrahara,2,1025,2,1,44.5
569,Ready To Move,Whitefield,4,2268,3,2,163
570,Under Construction,Kanakpura Road,3,1100,3,2,53
571,Ready To Move,Vadarpalya,2,1141,2,0,62
572,Ready To Move,Attibele,1,400,1,1,12
573,Ready To Move,Kanakpura Road,3,1843,3,2,95.84
574,Ready To Move,Rachenahalli,3,1530,2,2,74.5
575,Ready To Move,Vittasandra,2,1246,2,1,64.5
576,Under Construction,Kanakapura,1,711,1,1,38
577,Ready To Move,Haralur Road,2,1194,2,2,46
578,Ready To Move,Babusapalaya,3,1358,2,1,43.4
579,Ready To Move,Hoodi,2,1420,2,2,75
580,Ready To Move,Nagappa Reddy Layout,2,1209,2,1,50
581,Ready To Move,Panathur,3,1315,2,1,54.8
582,Ready To Move,TC Palaya,3,1600,2,2,65
583,Ready To Move,Suraksha Nagar,3,1563,3,2,52
584,Ready To Move,Whitefield,3,1560,2,2,72
585,Ready To Move,Iblur Village,3,3235,3,1,235
586,Ready To Move,HSR Layout,2,1140,2,2,46
587,Ready To Move,JP Nagar,2,1100,2,2,70
588,Under Construction,Hebbal,2,1036,2,1,50
589,Ready To Move,Akshaya Nagar,3,1662,3,3,85.1
590,Ready To Move,Yelachenahalli,3,1464,2,3,105
591,Ready To Move,Yelahanka,2,1234,2,2,80
592,Ready To Move,Sarjapur  Road,3,1403,3,1,55
593,Ready To Move,Hebbal,4,3900,4,2,410
594,Ready To Move,Basava Nagar,2,1405,2,2,70
595,Under Construction,Haralur Road,4,2805,4,3,154
596,Ready To Move,Yeshwanthpur,2,1161,2,2,64.08
597,Under Construction,Kanakpura Road,2,1290,2,3,74
598,Ready To Move,Yeshwanthpur,3,2557,3,2,141
599,Ready To Move,2nd Block Hrbr Layout,3,1480,3,2,90
600,Under Construction,Old Madras Road,3,1350,3,0,54.54
601,Ready To Move,Kadugodi,3,1580,2,2,65
602,Under Construction,Sarjapur  Road,2,1346,2,1,61.92
603,Ready To Move,Basapura,2,1200,2,2,35
604,Ready To Move,Channasandra,3,1340,2,2,48.33
605,Ready To Move,Jigani,2,918,2,2,48
606,Ready To Move,Singena Agrahara,3,1500,3,2,115
607,Ready To Move,Yelahanka,2,1315,2,2,85
608,Ready To Move,Uttarahalli,3,1330,2,1,56
609,Under Construction,Mango Garden Layout,3,1824,3,3,125
610,Ready To Move,7th Phase JP Nagar,3,1420,2,2,96
611,Ready To Move,Jalahalli East,3,1260,2,1,60
612,Under Construction,Hennur Road,3,1561,3,2,95
613,Under Construction,Haralur Road,2,1225,2,1,67.38
614,Ready To Move,Thanisandra,3,2144,3,2,135
615,Ready To Move,Electronic City,2,880,2,2,29
616,Under Construction,Hoodi,3,1639,3,2,110
617,Ready To Move,Thanisandra,3,1240,2,1,62
618,Ready To Move,Haralur Road,2,1243,2,1,46
619,Ready To Move,Kambipura,3,1082,2,1,56
620,Ready To Move,Kanakpura Road,3,1665,3,2,86.58
621,Under Construction,Electronic City,2,1265,2,0,56.93
622,Under Construction,Electronic City,3,1691,2,2,102
623,Ready To Move,Thanisandra,2,1100,2,1,38
624,Ready To Move,Hosakerehalli,4,3205,5,1,380
625,Ready To Move,Choodasandra,2,1115,2,2,50
626,Ready To Move,Mysore Road,2,1070,2,1,45
627,Ready To Move,Indira Nagar,2,1128,2,2,105
628,Ready To Move,Budigere,2,1162,2,1,57
629,Ready To Move,Sai Gardens,2,1339,2,2,55
630,Ready To Move,Mahadevpura,2,1192,2,2,75
631,Ready To Move,Haralur Road,3,1920,3,1,115
632,Ready To Move,Hennur,2,1255,2,1,52.32
633,Under Construction,Rajaji Nagar,2,1357,2,1,115
634,Ready To Move,Hanumanth Nagar,2,1225,2,2,55.11
635,Ready To Move,Whitefield,4,2400,4,3,200
636,Ready To Move,Thanisandra,2,1093,2,2,70
637,Ready To Move,Basaveshwara Nagar,3,1865,3,3,145
638,Ready To Move,Kaikondrahalli,2,1039,2,2,80
639,Ready To Move,Vittasandra,2,1246,2,1,64.5
640,Ready To Move,Whitefield,3,1985,3,2,75
641,Ready To Move,Hosakerehalli,3,1590,3,3,49
642,Ready To Move,Hunasamaranahalli,4,4000,4,2,675
643,Ready To Move,Electronic City Phase II,2,775,2,2,38
644,Ready To Move,RWF West Colony,2,1000,2,1,50
645,Ready To Move,Hebbal Kempapura,3,1800,3,2,175
646,Under Construction,Bommasandra,2,1035,2,1,41
647,Ready To Move,Dasarahalli,3,1520,2,1,75
648,Ready To Move,Whitefield,2,1360,2,1,95
649,Ready To Move,Bileshivale,4,6000,5,3,400
650,Ready To Move,Kodigehaali,2,1117,2,2,56
651,Ready To Move,KR Puram,4,1200,4,3,120
652,Ready To Move,EPIP Zone,2,1330,2,1,92.5
653,Ready To Move,Marathahalli,3,1937,3,2,160
654,Under Construction,Electronic City,2,1128,2,1,65.49
655,Ready To Move,Neeladri Nagar,2,1053,2,1,45
656,Under Construction,Panathur,2,1198,2,1,77
657,Under Construction,Marathahalli,2,1152,2,1,56
658,Ready To Move,Frazer Town,2,1625,2,1,75
659,Ready To Move,Kundalahalli,3,1397,3,3,105
660,Ready To Move,Yeshwanthpur,3,1523,3,3,170
661,Ready To Move,Kambipura,2,883,2,1,45
662,Ready To Move,Kaggalipura,1,700,1,0,38
663,Ready To Move,Yelahanka,2,1170,2,1,62.5
664,Ready To Move,Kanakpura Road,3,1200,2,2,42
665,Ready To Move,Akshaya Nagar,3,1897,3,2,120
666,Under Construction,Haralur Road,3,1875,3,2,110
667,Ready To Move,Jaya Nagar East,3,3095,3,3,350
668,Ready To Move,Ambalipura,3,1390,2,1,175
669,Under Construction,Yelahanka,1,697,1,0,45
670,Ready To Move,Sarjapur  Road,1,710,1,1,27
671,Ready To Move,Iggalur,2,910,2,1,30.5
672,Ready To Move,Sompura,3,1025,2,1,48
673,Ready To Move,Sarjapur  Road,4,3335,5,2,300
674,Ready To Move,Varthur,2,1024,2,2,42
675,Ready To Move,Electronic City,3,1620,3,2,62
676,Ready To Move,Whitefield,2,1254,2,2,40
677,Ready To Move,Banashankari,3,1300,2,2,75
678,Under Construction,Hosur Road,3,1510,2,1,105
679,Ready To Move,Kaggalipura,2,950,2,1,65
680,Ready To Move,Battarahalli,3,1945,3,2,97.42
681,Ready To Move,Uttarahalli,2,1008,2,3,45
682,Ready To Move,Thanisandra,3,1265,2,1,79
683,Under Construction,Hebbal,3,1255,2,1,77.68
684,Under Construction,Kanakpura Road,4,2689,6,2,220
685,Under Construction,Sarjapur  Road,3,1403,3,3,51.63
686,Ready To Move,Kudlu Gate,3,1535,3,2,85
687,Ready To Move,Chamrajpet,3,1475,2,2,120
688,Ready To Move,VGP Layout,2,1133,2,2,55
689,Under Construction,Whitefield,3,1697,3,2,94.79
690,Ready To Move,Vasanth nagar,3,1560,3,1,188
691,Under Construction,Hennur Road,3,1192,2,1,60
692,Ready To Move,Kasavanhalli,2,1349,2,2,78
693,Ready To Move,7th Phase JP Nagar,3,1680,3,2,120
694,Ready To Move,Kalyan nagar,2,820,2,0,39
695,Ready To Move,Whitefield,4,5000,4,3,400
696,Ready To Move,Kalkere,2,856,2,3,40
697,Under Construction,Rajaji Nagar,3,1621,4,0,130
698,Ready To Move,Bannerghatta Road,3,1484,3,2,52.5
699,Ready To Move,Siddapura,4,14000,3,2,800
700,Ready To Move,Yelahanka New Town,1,500,1,1,20
701,Ready To Move,Electronic City,2,550,1,1,16
702,Ready To Move,RWF West Colony,3,1384,3,2,62.28
703,Ready To Move,Uttarahalli,2,1150,2,1,49
704,Ready To Move,Kaggadasapura,4,2150,4,1,100
705,Ready To Move,Maragondanahalli,3,1508,3,2,70.25
706,Ready To Move,Ramamurthy Nagar,2,1040,2,2,50
707,Ready To Move,TC Palaya,2,1240,2,1,60
708,Ready To Move,Kudlu Gate,3,1535,3,1,78
709,Ready To Move,Lakshminarayana Pura,2,1180,2,2,75
710,Ready To Move,Bannerghatta Road,2,1400,2,2,78
711,Ready To Move,Whitefield,4,4800,4,3,525
712,Ready To Move,Sarjapur  Road,3,1984,4,1,146
713,Ready To Move,Whitefield,4,3000,5,3,250
714,Ready To Move,Garudachar Palya,3,1960,3,3,160
715,Ready To Move,Sarjapur  Road,2,1035,2,1,45
716,Ready To Move,Whitefield,3,1700,3,2,115
717,Ready To Move,Hosakerehalli,4,3024,5,1,248
718,Under Construction,Tumkur Road,3,1586,3,1,100
719,Ready To Move,Chikka Tirupathi,4,2325,4,1,120
720,Ready To Move,Yelahanka,2,1120,2,2,55
721,Ready To Move,Sarjapur  Road,2,1128,2,2,59
722,Ready To Move,Jigani,2,924,2,2,65
723,Ready To Move,Suraksha Nagar,3,1600,3,2,52
724,Ready To Move,Amruthahalli,2,1200,2,2,55
725,Ready To Move,Kannamangala,2,957,2,1,56
726,Ready To Move,Whitefield,2,1140,2,2,41
727,Ready To Move,Roopena Agrahara,2,1050,2,1,67
728,Ready To Move,Whitefield,2,1190,2,3,57
729,Ready To Move,Kanakpura Road,3,1559,2,2,65
730,Ready To Move,Whitefield,3,1403,2,2,60.81
731,Ready To Move,Kanakpura Road,3,1542,2,3,85
732,Ready To Move,Haralur Road,4,2750,4,0,220
733,Ready To Move,Iblur Village,4,3596,5,1,290
734,Ready To Move,Dooravani Nagar,3,1596,3,1,105
735,Under Construction,Channasandra,2,1009,2,1,38.34
736,Under Construction,Hosa Road,3,1726,3,2,81.99
737,Ready To Move,Kudlu Gate,3,1535,3,2,86
738,Ready To Move,Whitefield,4,3100,4,2,465
739,Under Construction,Binny Pete,1,665,1,0,50.75
740,Ready To Move,Kalkere,2,925,2,2,48
741,Ready To Move,Gollahalli,2,1395,2,1,63.59
742,Ready To Move,Sonnenahalli,3,1415,2,1,55
743,Ready To Move,Begur,3,1419,2,2,59
744,Under Construction,Kasavanhalli,2,1121,2,2,78
745,Under Construction,KR Puram,2,1100,2,1,47
746,Ready To Move,Hoodi,3,1606,3,3,89.55
747,Ready To Move,D Souza Layout,3,4634,4,3,1015
748,Ready To Move,Old Airport Road,2,1206,2,3,75
749,Ready To Move,Sarjapur  Road,3,1495,2,0,64
750,Ready To Move,Electronic City,2,710,2,2,16
751,Ready To Move,Nagarbhavi,3,1523,2,2,53.4
752,Ready To Move,Whitefield,2,1232,2,2,45
753,Under Construction,Rachenahalli,1,680,1,1,44
754,Under Construction,Hebbal,3,1355,3,1,83.87
755,Ready To Move,Thanisandra,3,1430,2,2,51.46
756,Ready To Move,Electronic City,2,1070,2,1,56.1
757,Ready To Move,Marathahalli,3,1610,3,1,90
758,Ready To Move,Haralur Road,2,1140,2,2,43
759,Ready To Move,Raja Rajeshwari Nagar,2,1143,2,2,38.65
760,Under Construction,Jakkur,4,3468,6,3,249
761,Ready To Move,Rachenahalli,3,1530,2,2,74.4
762,Ready To Move,7th Phase JP Nagar,2,980,2,2,69
763,Ready To Move,Whitefield,3,1485,3,2,65
764,Under Construction,Whitefield,3,1500,3,1,130
765,Under Construction,Whitefield,2,1280,2,1,75
766,Ready To Move,Thanisandra,2,1265,2,2,85
767,Ready To Move,Ashwath Nagar,2,1262,2,2,63
768,Ready To Move,JP Nagar,2,940,2,1,49
769,Ready To Move,Jigani,3,1300,3,3,150
770,Ready To Move,Electronic City,2,890,2,2,45
771,Ready To Move,Hennur Road,3,2060,3,1,149
772,Ready To Move,Bommanahalli,3,1730,3,1,96
773,Ready To Move,Yelahanka,3,2195,4,2,127
774,Under Construction,Panathur,2,1085,2,1,36
775,Under Construction,Hoodi,3,1639,3,1,98.32
776,Under Construction,Vijayanagar,3,1739,3,1,116
777,Under Construction,Old Madras Road,2,935,2,1,32.72
778,Under Construction, Thanisandra,1,510,1,1,25.25
779,Ready To Move,Nagondanahalli,2,1178,2,3,47
780,Ready To Move,Chikkalasandra,3,1375,2,1,50
781,Ready To Move,Chandapura,3,1065,2,1,33
782,Ready To Move,Koramangala,3,1835,2,3,155
783,Under Construction,Hoodi,4,2090,4,0,95.1
784,Ready To Move,Lingadheeranahalli,3,1519,3,1,93
785,Ready To Move,Dommasandra,3,1267,3,2,56
786,Ready To Move,Sanjay nagar,2,1150,2,3,72.2
787,Under Construction,Marathahalli,2,1146,2,1,70
788,Ready To Move,Kannamangala,3,1550,3,3,65
789,Ready To Move,Chandapura,2,850,1,1,18.5
790,Ready To Move,Raja Rajeshwari Nagar,3,1610,3,2,74
791,Ready To Move,Bellandur,2,921,2,2,40
792,Ready To Move,Sarjapur  Road,3,1700,3,3,110
793,Ready To Move,Sarjapur,2,1020,2,2,35
794,Ready To Move,Billekahalli,2,1090,2,3,52
795,Ready To Move,Thanisandra,2,1185,2,2,42.1
796,Ready To Move,Doddathoguru,2,850,2,1,25
797,Ready To Move,Harlur,2,1197,2,1,84
798,Ready To Move,Byadarahalli,4,3500,3,3,450
799,Ready To Move,Raja Rajeshwari Nagar,2,1105,2,1,65
800,Ready To Move,Yeshwanthpur,3,1850,3,3,100
801,Under Construction,Judicial Layout,3,1300,3,1,64
802,Under Construction,Kodihalli,4,3073,5,2,696
803,Under Construction,Kanakpura Road,2,900,2,1,46
804,Ready To Move,Bannerghatta Road,3,1654,3,2,100
805,Ready To Move,Outer Ring Road East,2,1367,2,2,62
806,Ready To Move,Devanahalli,2,1010,2,1,51
807,Ready To Move,Vinayaka Nagar,3,1535,3,1,95
808,Under Construction,Whitefield,2,1330,2,1,71
809,Ready To Move,JP Nagar,3,2500,3,2,135
810,Ready To Move,Bhoganhalli,3,1410,3,1,65
811,Ready To Move,Yelahanka,3,1614,3,2,95
812,Ready To Move,Neeladri Nagar,2,1363,2,2,68
813,Ready To Move,GB Palya,2,930,2,1,45
814,Under Construction,Kadugodi,3,1890,4,3,127
815,Ready To Move,Ashwathnagar,3,2197,4,3,280
816,Ready To Move,Hebbal Kempapura,3,3522,3,2,380
817,Ready To Move,HRBR Layout,2,1440,2,2,98
818,Under Construction,Budigere,1,764,1,1,32
819,Ready To Move,Raja Rajeshwari Nagar,3,1693,3,3,57.39
820,Ready To Move,Hoodi,3,1445,3,2,65
821,Under Construction,Kanakpura Road,2,900,1,0,45
822,Ready To Move,Yelahanka,3,1381,2,2,52.48
823,Ready To Move,Basapura,2,1100,2,1,60
824,Ready To Move,Begur Road,2,1200,2,2,43.2
825,Ready To Move,Kasturi Nagar,2,1080,2,2,80
826,Under Construction,Jakkur,3,1865,3,1,124
827,Under Construction,Sarjapur  Road,3,1157,2,1,75
828,Ready To Move,Kammasandra,2,674,2,1,29
829,Ready To Move,Whitefield,3,1405,2,1,78
830,Ready To Move,Begur Road,2,1160,2,2,44.08
831,Under Construction,Hebbal,3,1790,3,2,127
832,Under Construction,Electronic City,2,1128,2,1,65.65
833,Ready To Move,Panathur,2,1180,2,1,70
834,Ready To Move,Varthur,2,1125,2,2,40
835,Ready To Move,Vittasandra,2,1246,2,1,68
836,Ready To Move,HSR Layout,2,1372,2,1,61
837,Ready To Move,Uttarahalli,3,1330,2,1,56
838,Under Construction,Binny Pete,3,2465,5,2,234
839,Ready To Move,Channasandra,2,1065,2,1,35
840,Ready To Move,Belathur,2,1050,2,1,45
841,Ready To Move,Electronic City,2,865,2,0,42
842,Ready To Move,Srirampura,3,1756,3,3,100
843,Ready To Move,Yelahanka,1,628,1,1,24
844,Ready To Move,Kalena Agrahara,3,1765,3,1,125
845,Under Construction,Devanahalli Road,3,1532,3,3,92
846,Ready To Move,Ejipura,3,1650,3,0,110
847,Under Construction,Bhoganhalli,2,804,2,1,69.09
848,Ready To Move,Green Woods Layout,2,1200,2,2,66
849,Ready To Move,Uttarahalli,3,1385,2,2,48.48
850,Ready To Move,Craig Park Layout,2,1010,2,3,148
851,Ready To Move,Whitefield,3,2225,3,3,115
852,Ready To Move,Immadihalli,2,1180,2,2,48
853,Ready To Move,Attibele,1,400,1,1,14
854,Ready To Move,Dommasandra,2,1200,2,2,50
855,Under Construction,Whitefield,2,1272,2,1,95.05
856,Ready To Move,Whitefield,2,1205,2,1,39
857,Ready To Move,Kalena Agrahara,2,980,2,1,40
858,Ready To Move,Ramagondanahalli,3,1610,2,2,111
859,Ready To Move,Jalahalli,2,1694,2,2,125
860,Ready To Move,Kaggalipura,2,950,2,1,39
861,Ready To Move,Muneshwara Nagar,3,1560,2,3,66
862,Ready To Move,Electronic City,2,910,2,2,42
863,Ready To Move,Kundalahalli,2,1291,2,3,49
864,Ready To Move,Varthur,2,1012,2,1,66.5
865,Ready To Move,Sarjapur  Road,2,1282,2,2,72
866,Ready To Move,Kanakpura Road,3,1843,3,2,92.15
867,Ready To Move,Chikka Tirupathi,5,3356,5,2,105
868,Under Construction,Hebbal,4,2790,5,3,198
869,Ready To Move,EPIP Zone,2,1330,2,1,86.98
870,Ready To Move,Konanakunte,3,1400,2,1,73
871,Ready To Move,Thigalarapalya,2,1297,2,2,103
872,Under Construction,Vijayanagar,3,1490,3,2,100
873,Ready To Move,Rayasandra,3,1373,3,2,72
874,Ready To Move,HSR Layout,3,1750,3,2,95
875,Ready To Move,Malleshpalya,2,1052,2,2,50
876,Ready To Move,Raja Rajeshwari Nagar,2,1128,2,2,38.24
877,Under Construction,JP Nagar,2,1120,2,2,33.6
878,Ready To Move,Kanakapura,2,1090,2,2,32.69
879,Ready To Move,Uttarahalli,3,1330,2,2,46.55
880,Under Construction,Hosur Road,3,1427,2,1,80.63
881,Ready To Move,Begur,3,1580,3,2,75
882,Ready To Move,Chikka Tirupathi,3,1808,4,2,80.27
883,Ready To Move,Rajaji Nagar,4,3516,4,3,540
884,Ready To Move,Parappana Agrahara,2,1194,2,2,47
885,Under Construction,Kanakpura Road,2,900,2,1,46
886,Under Construction,Kanakpura Road,2,900,2,1,46
887,Ready To Move,Lakshmi Layout,3,1390,3,1,120
888,Ready To Move,Bisuvanahalli,2,845,2,1,33
889,Ready To Move,Yelahanka,3,1537,3,3,120
890,Under Construction,Hoodi,3,1512,3,2,75.77
891,Ready To Move,Jigani,3,1230,3,3,54
892,Under Construction,Thirumenahalli,3,1378,2,3,42.33
893,Under Construction,Whitefield,2,1277,2,1,61.3
894,Under Construction,Hebbal,3,1985,4,2,189
895,Ready To Move,KPC Layout,2,1210,2,2,62
896,Ready To Move,Ardendale,4,3198,4,3,200
897,Ready To Move,Hebbal,4,2483,5,2,215
898,Ready To Move,Sarjapur  Road,4,4111,4,1,310
899,Ready To Move,Electronic City,2,975,2,2,37.5
900,Ready To Move,Rajiv Nagar,3,1690,3,1,125
901,Under Construction,Hosa Road,2,1063,2,1,31.89
902,Ready To Move,Daadys Gaarden Layout,3,1600,3,0,80
903,Ready To Move,Bommanahalli,1,520,1,0,19.5
904,Ready To Move,Munnekollal,3,1390,3,2,68
905,Under Construction,Whitefield,2,1185,2,2,40
906,Ready To Move,Sahakara Nagar,2,1219,2,2,48
907,Under Construction,Kudlu Gate,3,1564,2,1,92
908,Ready To Move,Hosa Road,2,1100,2,2,37.1
909,Ready To Move,Kothannur,3,1300,2,0,60
910,Under Construction,Hennur Road,3,1482,2,1,92
911,Under Construction,Marsur,3,1000,4,3,66
912,Under Construction,Marathahalli,3,1469,3,1,89
913,Ready To Move,Balagere,2,1205,2,1,78.5
914,Ready To Move,Gubbalala,3,1745,3,2,125
915,Ready To Move,AECS Layout,2,1028,2,1,42
916,Ready To Move,Frazer Town,3,1700,3,1,180
917,Ready To Move,Karuna Nagar,3,1200,2,1,34
918,Ready To Move,Kodihalli,3,2700,4,1,270
919,Ready To Move,Kallumantapa,2,1100,2,2,50
920,Ready To Move,Kaverappa Layout,2,1270,2,2,68
921,Ready To Move,Electronic City Phase II,2,1266,2,2,59
922,Ready To Move,Mysore Road,2,1060,2,1,62
923,Ready To Move,Malimakanapura,3,1168,3,0,70
924,Ready To Move,Medahalli,2,1552,2,1,51
925,Ready To Move,Attibele,1,500,1,1,17
926,Ready To Move,Rustam Bagh Layout,2,1300,2,2,65
927,Ready To Move,Electronics City Phase 1,2,920,2,2,33
928,Ready To Move,Harlur,2,1310,2,1,50
929,Ready To Move,Garden Layout,3,1515,3,3,93.93
930,Under Construction,Raja Rajeshwari Nagar,2,1157,2,1,53.8
931,Ready To Move,Konanakunte,4,3000,4,3,160
932,Ready To Move,Rachenahalli,3,1530,2,2,74.39
933,Ready To Move,Judicial Layout,3,2070,3,3,162
934,Ready To Move,Yelahanka,3,1815,3,2,82
935,Ready To Move,Sarjapur  Road,4,3900,4,3,300
936,Under Construction,Electronic City Phase II,2,1000,2,1,28.88
937,Ready To Move,Hennur Road,2,1232,2,2,89
938,Under Construction,Binny Pete,3,1282,3,2,178
939,Ready To Move,Yelahanka,1,654,1,1,38.4
940,Ready To Move,Bisuvanahalli,3,1075,2,1,45
941,Ready To Move,T K Reddy Layout,3,1616,3,1,75
942,Under Construction,Whitefield,3,1306,3,2,54.65
943,Ready To Move,Whitefield,3,1626,3,3,89
944,Ready To Move,Whitefield,3,1585,3,2,88
945,Ready To Move,Kanakpura Road,2,1495,2,2,90
946,Ready To Move,Kaikondrahalli,3,1645,3,2,100
947,Ready To Move,Doddanekundi,3,1760,3,3,176
948,Ready To Move,Venkatadri Layout,1,595,1,1,42
949,Ready To Move,Bommenahalli,3,1200,3,1,125
950,Ready To Move,Mahaganapathy Nagar,2,1410,2,3,67
951,Ready To Move,Sarjapur  Road,2,1300,2,2,60
952,Ready To Move,9th Phase JP Nagar,3,1890,2,2,85
953,Ready To Move,Belathur,2,1254,2,1,53
954,Ready To Move,Rustam Bagh Layout,2,1170,2,2,86
955,Under Construction,Panathur,2,1193,2,1,86
956,Ready To Move,Marathahalli,3,1678,3,3,70
957,Ready To Move,Gunjur,3,1600,3,3,75
958,Ready To Move,Electronics City Phase 1,3,1750,3,2,84
959,Ready To Move,Singena Agrahara,3,1500,3,1,95
960,Ready To Move,HBR Layout,3,2800,2,0,200
961,Ready To Move,Vittal Nagar,2,1000,2,1,50
962,Under Construction,Electronic City Phase II,3,1320,2,1,38.13
963,Ready To Move,Ardendale,4,2422,4,2,160
964,Ready To Move,Kasavanhalli,2,1100,2,1,50
965,Ready To Move,Uttarahalli,2,882,2,1,30
966,Ready To Move,Bisuvanahalli,2,845,2,1,37
967,Ready To Move,Kambipura,2,883,2,1,39
968,Ready To Move,Brookefield,3,1595,3,3,88
969,Ready To Move,Whitefield,2,1280,2,0,85
970,Ready To Move,Bhuvaneshwari Nagar,2,920,2,0,35
971,Ready To Move,Choodasandra,2,1300,2,3,57
972,Ready To Move,Shanthala Nagar,2,1450,1,0,230
973,Ready To Move,Harlur,3,1757,3,2,132
974,Under Construction,EPIP Zone,2,1330,2,1,93.36
975,Ready To Move,8th Phase JP Nagar,2,1062,2,1,42.47
976,Ready To Move,JP Nagar,2,1078,2,2,45
977,Ready To Move,Bannerghatta Road,3,1460,2,2,72
978,Under Construction,Hosa Road,3,1535,3,1,115
979,Ready To Move,Prithvi Layout,4,2028,4,3,162
980,Under Construction,Mysore Road,2,980,2,1,45.47
981,Ready To Move,Sarjapur  Road,2,1000,2,2,40
982,Ready To Move,Sarjapur  Road,2,1050,2,1,62
983,Ready To Move,Domlur,3,1875,2,2,150
984,Ready To Move,5th Phase JP Nagar,3,1725,2,2,100
985,Ready To Move,Thubarahalli,2,1128,2,2,75
986,Ready To Move,Yelahanka,3,1705,3,1,74.16
987,Ready To Move,Hebbal,2,1100,2,2,50
988,Under Construction,Hebbal,2,812,2,2,55
989,Ready To Move,Whitefield,2,1420,2,2,136
990,Ready To Move,Indira Nagar,3,2800,3,1,330
991,Ready To Move,Jaya Mahal layout,3,1650,3,3,175
992,Ready To Move,BSM Extension,2,840,2,2,27
993,Ready To Move,Jigani,2,914,2,2,47
994,Under Construction,Hennur Road,3,1482,2,2,83.73
995,Under Construction,Kundalahalli,3,1724,3,2,127
996,Ready To Move,Vijinapura,3,1670,3,3,91.86
997,Ready To Move,Jigani,2,927,2,2,55
998,Under Construction,Electronic City Phase II,3,1220,3,1,35.23
999,Ready To Move,Electronic City,3,1360,2,1,75
1000,Ready To Move,7th Phase JP Nagar,2,1180,2,2,72
1001,Ready To Move,Whitefield,3,1697,3,2,108
1002,Ready To Move,Hennur,2,1225,2,1,57
1003,Ready To Move,Byrasandra,3,1690,2,2,55
1004,Ready To Move,Chowdeshwari Layout,3,1250,2,1,80
1005,Ready To Move,JP Nagar,1,1050,1,1,44
1006,Under Construction,Kanakpura Road,3,1699,3,3,81.94
1007,Ready To Move,Whitefield,2,1205,2,2,58
1008,Ready To Move,Akshaya Nagar,3,1476,3,1,120
1009,Ready To Move,EPIP Zone,3,2160,4,2,172
1010,Ready To Move,Sector 2 HSR Layout,2,1296,2,1,75
1011,Ready To Move,Kanakpura Road,3,1570,3,3,64.5
1012,Ready To Move,Koramangala,2,1300,2,3,110
1013,Ready To Move,Electronic City,2,770,1,1,40
1014,Ready To Move,Domlur,3,1429,3,3,86
1015,Under Construction,Bommasandra,2,1035,2,1,41.73
1016,Ready To Move,Sarjapur,3,1574,3,1,76
1017,Ready To Move,Nagarbhavi,1,884,2,2,36
1018,Under Construction,Hoodi,2,1026,2,1,60.87
1019,Under Construction,Old Airport Road,4,2690,4,3,191
1020,Ready To Move,Subramanyapura,2,975,2,1,58
1021,Ready To Move,Sarjapur  Road,3,1700,3,3,135
1022,Ready To Move,Whitefield,4,3606,4,2,312
1023,Ready To Move,Padmanabhanagar,2,1258,2,2,115
1024,Ready To Move,Old Madras Road,4,3630,6,1,195
1025,Ready To Move,JP Nagar,3,2000,3,2,250
1026,Under Construction,Hebbal,4,2790,4,3,198
1027,Under Construction,Badavala Nagar,3,1494,2,2,94.55
1028,Under Construction,Hennur Road,3,1482,2,1,87
1029,Ready To Move,Rustam Bagh Layout,2,800,2,3,50
1030,Ready To Move,Hulimavu,2,1100,2,2,71.5
1031,Ready To Move,4th Block Koramangala,2,1225,2,2,150
1032,Ready To Move,Hormavu,2,1180,2,2,50
1033,Ready To Move,Belatur,2,1260,2,2,58
1034,Ready To Move,Arekere,2,1190,2,2,55
1035,Ready To Move,Sarjapur  Road,3,1691,3,2,119
1036,Ready To Move,Nallurhalli,2,1250,2,2,65
1037,Ready To Move,Kereguddadahalli,2,800,2,2,28
1038,Ready To Move,Jalahalli East,2,1020,2,1,58
1039,Ready To Move,Frazer Town,3,1510,2,1,75
1040,Ready To Move,Laxmi Sagar Layout,3,1614,3,1,110
1041,Ready To Move,Bommenahalli,4,1632,3,0,145
1042,Under Construction,Bannerghatta,4,3012,6,2,250
1043,Ready To Move,Sector 2 HSR Layout,3,1450,2,2,135
1044,Ready To Move,Bannerghatta Road,2,1200,2,2,75
1045,Ready To Move,Hosur Road,3,1508,2,1,110
1046,Ready To Move,Dodda Nekkundi Extension,2,1188,2,3,73
1047,Under Construction,Old Airport Road,4,2690,4,3,199
1048,Ready To Move,Harlur,2,1174,2,1,76
1049,Under Construction,Old Madras Road,3,1350,3,1,58.99
1050,Ready To Move,Frazer Town,3,1870,3,3,185
1051,Under Construction,Kengeri Satellite Town,2,1072,2,1,25
1052,Under Construction,Kengeri,2,726,2,1,31
1053,Ready To Move,Hosur Road,2,1345,2,2,106
1054,Ready To Move,Begur Road,2,1200,2,2,45
1055,Ready To Move,Hormavu,2,1050,2,1,77
1056,Ready To Move,Vittasandra,3,1743,3,2,85
1057,Ready To Move,Sarjapur,2,950,2,2,32.5
1058,Ready To Move,Domlur,1,640,1,0,55
1059,Under Construction,Electronic City Phase II,2,972,2,1,44
1060,Ready To Move,Marathahalli,3,1840,3,3,98
1061,Ready To Move,Electronic City,2,1128,2,1,64
1062,Ready To Move,Harappanahalli,2,2400,2,1,95
1063,Ready To Move,BTM Layout,2,1150,2,2,63
1064,Under Construction,Hennur Road,4,3450,4,3,294
1065,Ready To Move,Jigani,2,920,2,2,46
1066,Ready To Move,Thanisandra,3,1564,3,1,101
1067,Ready To Move,Uttarahalli,2,1045,2,1,45
1068,Ready To Move,Kanaka Nagar,3,2479,3,1,215
1069,Ready To Move,Sarjapur  Road,3,1846,3,2,140
1070,Ready To Move,Yelahanka,4,3042,4,0,131
1071,Ready To Move,Rajaji Nagar,3,1640,3,3,223
1072,Under Construction,NR Colony,2,1068,2,1,40.05
1073,Ready To Move,Kanakpura Road,2,1135,2,2,58
1074,Ready To Move,Kaggadasapura,2,1150,2,3,42
1075,Ready To Move,Tumkur Road,3,1354,3,1,90
1076,Ready To Move,Varthur,4,1320,2,1,110
1077,Ready To Move,Kanakpura Road,4,3500,6,2,225
1078,Ready To Move,GM Palaya,2,1000,2,1,36
1079,Ready To Move,Byagadadhenahalli,3,1130,3,1,38
1080,Ready To Move,Ashwathnagar,3,2204,2,3,305
1081,Ready To Move,Gubbalala,3,1745,3,2,104
1082,Ready To Move,Doddabommasandra,3,1550,2,3,70
1083,Ready To Move,Sarjapura - Attibele Road,3,1329,2,2,45.95
1084,Ready To Move,Maruthi Layout,2,916,2,1,42
1085,Ready To Move,Hulimavu,1,688,1,2,50
1086,Ready To Move,Sree Narayana Nagar,3,1358,3,3,50
1087,Under Construction,Kanakpura Road,2,1331,2,1,107
1088,Ready To Move,Malleshwaram,1,686,1,1,62.5
1089,Ready To Move,Hoodi,2,1050,2,2,50
1090,Ready To Move,Talaghattapura,3,2106,3,2,126
1091,Under Construction,Bhoganhalli,3,1718,3,2,90.2
1092,Ready To Move,Raja Rajeshwari Nagar,3,1530,3,2,57
1093,Ready To Move,Hebbal,2,1075,2,3,52
1094,Under Construction,Tunganagara,3,1936,2,2,54.21
1095,Ready To Move,Nagavara,4,2173,3,3,120
1096,Ready To Move,Sarjapur  Road,2,1117,2,3,29.99
1097,Ready To Move,Remco Bhel Layout,3,1685,2,1,110
1098,Ready To Move,CV Raman Nagar,2,740,2,1,37
1099,Ready To Move,Banashankari,3,1800,3,2,115
1100,Ready To Move,Yelachenahalli,3,1700,3,2,130
1101,Ready To Move,Uttarahalli,2,850,2,2,37.93
1102,Ready To Move,Hennur Road,3,1891,3,1,139
1103,Ready To Move,Jalahalli,2,1400,1,1,80
1104,Ready To Move,Sonnenahalli,2,896,2,1,43.75
1105,Under Construction,Vijayanagar,2,1180,2,2,65
1106,Ready To Move,Chokkasandra,2,850,2,1,33
1107,Under Construction,Kanakapura,3,1699,3,3,97
1108,Under Construction,Bellandur,4,2025,4,3,109
1109,Ready To Move,Panduranga Nagar,1,500,1,0,20
1110,Ready To Move,Malleshwaram,3,2475,4,3,332
1111,Ready To Move,Haralur Road,2,1455,2,1,145
1112,Ready To Move,Lingadheeranahalli,3,1521,3,1,94.99
1113,Ready To Move,Byadarahalli,3,3155,4,2,370
1114,Ready To Move,Jakkur Plantation,3,1765,3,3,105
1115,Ready To Move,Kasavanhalli,3,1980,3,2,88
1116,Ready To Move,Kaverappa Layout,2,1265,2,3,70
1117,Ready To Move,Bommasandra,2,1034,2,3,40
1118,Ready To Move,Electronic City,2,1070,2,1,54
1119,Ready To Move,Doddanekundi,3,2045,4,3,154
1120,Ready To Move,Bellandur,3,1490,2,2,98
1121,Ready To Move,Yeshwanthpur,1,671,1,1,36.85
1122,Ready To Move,Kammasandra,2,1156,2,2,32
1123,Ready To Move,Haralur Road,3,2017,3,2,125
1124,Ready To Move,Thigalarapalya,4,3122,6,2,235
1125,Under Construction,Ramagondanahalli,3,1635,3,1,62
1126,Under Construction,Kanakpura Road,2,1296,2,1,89
1127,Ready To Move,Budigere,2,1139,2,2,62
1128,Under Construction,Binny Pete,2,1245,2,1,86.28
1129,Ready To Move,Marathahalli,4,3951,4,2,220
1130,Ready To Move,Electronic City,2,550,1,1,15
1131,Ready To Move,Ramamurthy Nagar,1,360,1,1,26
1132,Ready To Move,Green Glen Layout,3,1670,3,2,120
1133,Ready To Move,7th Phase JP Nagar,3,1050,2,1,57
1134,Ready To Move,Kaggalipura,3,1210,2,1,58
1135,Ready To Move,Haralur Road,2,1140,2,2,43
1136,Ready To Move,7th Phase JP Nagar,3,1343,2,2,56.41
1137,Under Construction,Kalkere,2,925,2,2,51
1138,Ready To Move,Kanakpura Road,3,1420,2,2,75
1139,Ready To Move,1st Block Koramangala,2,1415,2,3,110
1140,Ready To Move,Shree Ananth Nagar Layout,2,1210,2,2,60
1141,Ready To Move,Yeshwanthpur,3,1852,3,2,160
1142,Ready To Move,Hoskote,3,1250,3,2,50
1143,Under Construction,9th Phase JP Nagar,2,1100,2,1,65
1144,Under Construction,Jakkur,2,1100,2,1,53.35
1145,Ready To Move,Magadi Road,2,1350,1,0,100
1146,Ready To Move,Panathur,3,1546,3,2,99
1147,Ready To Move,Ambedkar Nagar,2,1424,2,2,90
1148,Ready To Move,Bellandur,3,1398,3,1,68
1149,Ready To Move,Indira Nagar,3,1650,3,2,200
1150,Ready To Move,Brookefield,3,1476,3,2,105
1151,Under Construction,Magadi Road,3,1322,2,2,58.82
1152,Ready To Move,Sarjapur,3,1285,2,2,68
1153,Ready To Move,Ambalipura,2,1150,2,2,80
1154,Ready To Move,Thanisandra,3,1430,2,2,56
1155,Ready To Move,Thubarahalli,2,1185,2,2,65
1156,Ready To Move,Bannerghatta Road,3,1760,3,2,67
1157,Under Construction,Kanakpura Road,2,1297,2,1,105
1158,Ready To Move,Sector 1 HSR Layout,3,1840,3,2,155
1159,Ready To Move,BTM 2nd Stage,2,950,2,1,52
1160,Under Construction,Electronic City,3,1571,3,2,89
1161,Ready To Move,Electronic City Phase II,2,1031,2,1,55
1162,Under Construction,Whitefield,2,1485,2,1,90
1163,Under Construction,Ananth Nagar,2,1109,2,1,60
1164,Under Construction,Whitefield,1,950,1,1,50
1165,Under Construction,Hosa Road,2,1161,2,1,55.15
1166,Under Construction,Electronic City Phase II,2,1003,2,1,40.6
1167,Ready To Move,Hulimavu,2,1255,2,2,73
1168,Ready To Move,1st Phase JP Nagar,3,1875,3,1,167
1169,Ready To Move,Uttarahalli,3,1330,2,1,47
1170,Ready To Move,Marathahalli,4,2519,5,2,185
1171,Ready To Move,Old Madras Road,4,1450,3,3,132
1172,Under Construction,Hoodi,3,1837,3,3,145
1173,Ready To Move,Kudlu Gate,2,1238,2,3,55
1174,Ready To Move,7th Phase JP Nagar,3,1405,2,2,59.01
1175,Ready To Move,Kanakpura Road,3,1673,3,2,115
1176,Ready To Move,Varthur,2,1112,2,2,40
1177,Ready To Move,Electronic City Phase II,2,545,1,1,27
1178,Ready To Move,Subramanyapura,2,985,2,1,58
1179,Under Construction,Hosa Road,2,1430,2,1,97.52
1180,Ready To Move,Kengeri Satellite Town,2,1050,2,2,43
1181,Ready To Move,ITI Layout,3,1533,3,2,115
1182,Ready To Move,Lakshminarayana Pura,3,1750,3,2,150
1183,Ready To Move,Prithvi Layout,2,1352,2,2,87.5
1184,Ready To Move,Harlur,3,1754,3,2,125
1185,Ready To Move,Tejaswini Nagar,3,1560,3,2,85
1186,Under Construction,Bannerghatta,4,3012,6,2,268
1187,Ready To Move,Channasandra,3,1470,2,1,90
1188,Ready To Move,9th Phase JP Nagar,2,1035,2,1,45
1189,Ready To Move,Jakkur,2,1100,2,2,52
1190,Under Construction,Bannerghatta Road,1,595,1,1,31.83
1191,Ready To Move,HSR Layout,3,1650,3,2,110
1192,Under Construction,Ramagondanahalli,2,1235,2,1,46.8
1193,Ready To Move,7th Phase JP Nagar,3,1400,3,1,115
1194,Ready To Move,Sundar Ram Shetty Nagar,3,1375,2,3,85
1195,Ready To Move,Yelahanka,2,1065,2,1,40.84
1196,Ready To Move,Whitefield,1,825,1,1,45
1197,Under Construction,Udayapur Village,3,1440,2,2,60.33
1198,Ready To Move,Electronic City,2,870,2,1,39.5
1199,Ready To Move,Panathur,2,1195,2,1,84
1200,Ready To Move,Raja Rajeshwari Nagar,3,1530,3,3,61.2
1201,Ready To Move,Alfa Garden Layout,2,975,2,1,43
1202,Under Construction,Iblur Village,3,1920,3,2,130
1203,Under Construction,Thanisandra,2,1183,2,1,58.56
1204,Ready To Move,Mico Layout,3,1550,2,2,65
1205,Ready To Move,Kaggadasapura,2,1110,2,3,53
1206,Ready To Move,Kaggadasapura,2,1105,2,1,38.67
1207,Under Construction,Hebbal,4,3067,4,2,230
1208,Under Construction,Sarjapur  Road,3,1929,4,1,103
1209,Ready To Move,Ramamurthy Nagar,3,1525,3,1,100
1210,Ready To Move,Nehru Nagar,3,1775,3,3,110
1211,Ready To Move,Banashankari,2,1125,2,1,63
1212,Ready To Move,Sonnenahalli,2,1268,2,1,73
1213,Ready To Move,Hoodi Layout,3,1500,3,2,88
1214,Under Construction,Electronic City,1,630,1,1,47
1215,Ready To Move,Seegehalli,3,1525,3,2,65
1216,Ready To Move,Kaggadasapura,2,1060,2,2,48
1217,Ready To Move,Lingadheeranahalli,3,1687,3,3,127
1218,Ready To Move,Thanisandra,3,1847,3,2,123
1219,Ready To Move,Begur Road,3,1410,2,3,53
1220,Ready To Move,7th Phase JP Nagar,2,1075,2,1,42.99
1221,Ready To Move,Gaundanapalya,2,1010,2,2,46
1222,Under Construction,Haralur Road,3,1875,3,3,110
1223,Under Construction,Kanakpura Road,2,983,2,1,50.6
1224,Ready To Move,Laxmi Sagar Layout,2,1140,2,1,76
1225,Ready To Move,Sarjapur  Road,2,1215,2,2,110
1226,Ready To Move,Bellandur,3,2039,3,2,168
1227,Ready To Move,Kaggadasapura,3,1350,3,1,55.5
1228,Ready To Move,Electronic City,2,921,2,1,34
1229,Ready To Move,Kundalahalli,2,1010,2,1,49.27
1230,Under Construction,KR Puram,2,1015,2,1,43
1231,Ready To Move,Lakshminarayana Pura,2,1179,2,1,75
1232,Ready To Move,Kammasandra,2,870,2,1,24
1233,Ready To Move,Malleshwaram,3,2475,4,3,320
1234,Ready To Move,2nd Phase JP Nagar,2,1000,1,1,55
1235,Under Construction,Kammasandra,2,1200,2,1,66
1236,Ready To Move,Hennur,2,1255,2,1,57.5
1237,Ready To Move,Hosur Road,2,1085,2,2,30.38
1238,Under Construction,Kogilu,3,1934,3,2,150
1239,Ready To Move,Harlur,2,1200,2,1,49.5
1240,Ready To Move,Uttarahalli,6,3600,6,2,120
1241,Under Construction,Old Madras Road,2,935,2,1,45
1242,Ready To Move,Bommasandra,2,877,2,2,30
1243,Ready To Move,Ashwathnagar,2,936,2,2,42
1244,Under Construction,Hennur Road,2,1232,2,0,69.61
1245,Ready To Move,Ambedkar Nagar,3,2225,4,2,169
1246,Ready To Move,Dasarahalli,3,1901,3,2,119
1247,Under Construction,Sarjapur  Road,3,1819,3,2,100
1248,Ready To Move,9th Phase JP Nagar,4,5000,4,3,290
1249,Ready To Move,Sarjapur  Road,3,1845,4,1,110
1250,Ready To Move,HSR Layout,2,1140,2,2,46
1251,Under Construction,Talaghattapura,3,2254,3,2,170
1252,Ready To Move,Frazer Town,3,1750,3,2,150
1253,Ready To Move,Jalahalli West,2,1020,2,1,37
1254,Ready To Move,Lingadheeranahalli,3,1893,3,2,140
1255,Ready To Move,Vasanth nagar,3,3025,3,0,500
1256,Ready To Move,Bisuvanahalli,3,1075,2,1,90
1257,Ready To Move,Kasavanhalli,2,1200,2,1,78
1258,Under Construction,Sarjapur  Road,2,1233,2,2,77.65
1259,Ready To Move,Bannerghatta Road,2,1255,2,2,65.26
1260,Ready To Move,Sarjapur  Road,3,1525,2,2,60
1261,Ready To Move,Tumkur Road,3,1240,2,1,84
1262,Ready To Move,Subramanyapura,3,1245,2,1,68
1263,Ready To Move,Bisuvanahalli,3,1075,2,1,35.99
1264,Ready To Move,Whitefield,2,1155,2,1,60
1265,Ready To Move,Doctors Layout,2,1520,2,3,62
1266,Ready To Move,Thigalarapalya,4,3122,6,2,245
1267,Ready To Move,Harlur,2,1290,2,1,85
1268,Ready To Move,Malleshwaram,2,900,2,1,95
1269,Ready To Move,Hennur Road,2,987,2,1,49
1270,Ready To Move,Old Madras Road,3,1720,3,2,100
1271,Ready To Move,Hebbal,2,1040,2,1,50
1272,Ready To Move,Raja Rajeshwari Nagar,2,1030,2,1,50
1273,Ready To Move,Neeladri Nagar,3,2556,3,2,133
1274,Ready To Move,Basavangudi,3,1850,3,1,168
1275,Ready To Move,7th Phase JP Nagar,2,1270,2,1,83
1276,Ready To Move,Domlur,2,1050,2,2,85
1277,Under Construction,Vishwapriya Nagar,2,946,2,1,38
1278,Ready To Move,CV Raman Nagar,3,1726,3,3,145
1279,Ready To Move,Sarakki Nagar,3,2121,4,3,253
1280,Ready To Move,Vittasandra,2,1404,2,1,75
1281,Ready To Move,Kengeri,2,1025,2,2,57
1282,Ready To Move,Kodbisanhalli,4,4800,5,3,629
1283,Ready To Move,R.T. Nagar,2,1040,2,2,46
1284,Under Construction,Banashankari,2,1310,2,2,80
1285,Ready To Move,Uttarahalli,3,1788,3,2,98.34
1286,Ready To Move,Raja Rajeshwari Nagar,2,1144,2,2,38.55
1287,Under Construction,Kasavanhalli,3,1646,3,2,79.5
1288,Ready To Move,Sarjapur  Road,4,4395,4,2,242
1289,Under Construction,Iblur Village,3,1995,3,2,135
1290,Under Construction,Hosakerehalli,2,1085,2,1,47.74
1291,Ready To Move,Budigere,2,1139,2,2,56.8
1292,Ready To Move,Pattandur Agrahara,3,1767,3,2,98
1293,Ready To Move,Bellandur,3,1692,3,2,88
1294,Ready To Move,Uttarahalli,3,1345,2,1,57
1295,Ready To Move,Basapura,2,1100,2,1,60
1296,Ready To Move,Gollarapalya Hosahalli,3,1408,3,3,62
1297,Ready To Move,Thigalarapalya,3,2072,4,2,150
1298,Ready To Move,Malleshwaram,2,1420,2,1,158
1299,Under Construction,Hosa Road,2,1063,2,1,31.9
1300,Ready To Move,Thanisandra,3,1430,2,2,56
1301,Ready To Move,Sector 7 HSR Layout,3,1760,3,2,145
1302,Ready To Move,Whitefield,3,2010,3,3,92
1303,Ready To Move,Kanakpura Road,3,1480,2,2,64.23
1304,Ready To Move,Frazer Town,4,4850,6,2,385
1305,Ready To Move,Singasandra,2,1100,2,1,52
1306,Ready To Move,Harlur,3,1752,3,2,116
1307,Ready To Move,Hennur Gardens,3,1942,3,2,102
1308,Ready To Move,Ashirvad Colony,2,1000,2,2,53
1309,Ready To Move,Yeshwanthpur,1,668,1,1,36.85
1310,Ready To Move,Thanisandra,3,1800,3,3,90
1311,Ready To Move,Yelahanka,2,1036,2,3,39.35
1312,Ready To Move,Marathahalli,3,1583,3,3,105
1313,Ready To Move,Padmanabhanagar,2,1100,2,2,65
1314,Ready To Move,Vittasandra,2,1246,2,1,65
1315,Ready To Move,Dodda Nekkundi,2,850,2,3,28
1316,Ready To Move,Raja Rajeshwari Nagar,2,1196,2,2,51.51
1317,Ready To Move,Thanisandra,3,1697,3,2,114
1318,Ready To Move,Sarjapur  Road,4,3750,6,3,290
1319,Ready To Move,Howthinarayanappa Garden,2,1022,2,2,52
1320,Ready To Move,Kammasandra,2,1018,2,0,23.45
1321,Ready To Move,Bharathi Nagar,2,1322,2,2,68
1322,Ready To Move,Marsur,4,1800,4,2,145
1323,Ready To Move,Cambridge Layout,3,2400,3,1,260
1324,Ready To Move,Whitefield,3,1635,2,2,85
1325,Ready To Move,Rajaji Nagar,4,3526,4,1,558
1326,Ready To Move,Ramakrishnappa Layout,3,2770,3,1,460
1327,Ready To Move,Maragondanahalli,3,1533,3,2,85
1328,Ready To Move,Akshaya Nagar,3,1720,3,1,134
1329,Under Construction,Yeshwanthpur,2,1185,2,2,75.84
1330,Ready To Move,Attibele,1,395,1,1,10.25
1331,Ready To Move,Electronic City Phase II,2,1031,2,1,56.35
1332,Ready To Move,Thanisandra,4,2650,4,2,240
1333,Ready To Move,Uttarahalli,3,1330,2,2,46.55
1334,Ready To Move,Hennur,2,1259,2,2,57
1335,Ready To Move,Raja Rajeshwari Nagar,3,1570,3,2,88
1336,Ready To Move,Bisuvanahalli,3,1075,2,1,36
1337,Under Construction,Whitefield,2,1216,2,1,79
1338,Ready To Move,Sarjapur  Road,3,1428,2,2,66
1339,Ready To Move,Doddakannelli,3,1475,3,2,70
1340,Under Construction,Hennur Road,3,1804,3,2,102
1341,Ready To Move,Begur Road,2,1260,2,2,46.62
1342,Ready To Move,Hennur Road,3,2160,3,2,160
1343,Ready To Move,Yelahanka,2,1300,2,3,65
1344,Ready To Move,Cox Town,1,605,1,1,29
1345,Under Construction,Bhoganhalli,2,1444,2,1,75.97
1346,Ready To Move,Bisuvanahalli,2,845,2,1,29
1347,Under Construction,Kanakpura Road,2,700,2,1,35
1348,Ready To Move,Kaggadasapura,3,1625,3,2,55
1349,Ready To Move,Pulkeshi Nagar,2,1453,2,3,110
1350,Ready To Move,Budigere,2,1139,2,2,56.85
1351,Ready To Move,Kanakpura Road,3,1660,3,3,75
1352,Ready To Move,Jayanagar,2,1170,2,3,105
1353,Ready To Move,Somasundara Palya,2,1448,2,2,68
1354,Under Construction,Kadugodi,3,1762,3,3,110
1355,Ready To Move,Kaggadasapura,2,1105,2,1,38.65
1356,Under Construction,Yelahanka,3,1825,3,1,105
1357,Under Construction, Bhoganhalli,1,296,1,0,22.89
1358,Ready To Move,Thanisandra,2,1185,2,2,43
1359,Under Construction,Electronic City Phase II,3,1320,2,1,38.12
1360,Ready To Move,Hulimavu,2,1058,2,1,48
1361,Under Construction,Old Madras Road,2,1200,2,1,72
1362,Ready To Move,Bannerghatta Road,3,1550,3,2,78
1363,Under Construction,7th Phase JP Nagar,4,2503,4,0,188
1364,Ready To Move,Marathahalli,4,2524,5,2,190
1365,Ready To Move,Jalahalli,2,1045,2,2,76.77
1366,Ready To Move,Kanakapura,3,1290,2,3,45.15
1367,Ready To Move,Hoodi,2,1400,2,1,78
1368,Ready To Move,Sarjapur  Road,3,1680,3,1,112
1369,Under Construction,Begur Road,3,1634,3,1,83.33
1370,Ready To Move,Prithvi Layout,2,1352,2,2,85
1371,Under Construction,Balagere,2,1145,2,2,65
1372,Ready To Move,7th Phase JP Nagar,3,2200,3,2,190
1373,Under Construction,Raja Rajeshwari Nagar,2,1168,2,1,61
1374,Under Construction,Electronic City Phase II,2,1205,2,1,75
1375,Ready To Move,Yeshwanthpur,2,1195,2,2,100
1376,Ready To Move,Pai Layout,3,1550,2,2,90
1377,Ready To Move,Yelahanka,3,1603,3,2,96
1378,Ready To Move,Malleshpalya,3,1405,2,2,77
1379,Ready To Move,KR Puram,2,1142,2,1,51
1380,Ready To Move,Whitefield,3,1870,3,2,90
1381,Ready To Move,Subramanyapura,2,1313,2,2,73
1382,Ready To Move,Hennur Gardens,3,1945,3,3,120
1383,Under Construction,Thanisandra,3,1573,3,2,95
1384,Ready To Move,Sarjapur  Road,2,1255,2,1,92
1385,Ready To Move,Sarjapur  Road,3,1380,2,1,52
1386,Ready To Move,Uttarahalli,2,1279,2,2,48
1387,Under Construction,Hebbal,3,2526,2,2,250
1388,Under Construction,Uttarahalli,3,1845,2,1,68.27
1389,Ready To Move,Motappa Layout,3,1360,2,1,59.27
1390,Ready To Move,Whitefield,2,1260,2,2,49.5
1391,Ready To Move,Dasanapura,2,965,2,1,42.5
1392,Ready To Move,Hoodi,3,1350,2,3,48
1393,Under Construction,Bhoganhalli,2,1447,2,1,75.97
1394,Ready To Move,Gottigere,2,1153,2,1,48.5
1395,Ready To Move,Malleshpalya,2,1065,2,2,50
1396,Ready To Move,Tala Cauvery Layout,2,1030,2,3,61
1397,Ready To Move,Begur Road,3,1410,2,3,44.42
1398,Under Construction,Varthur,2,1055,2,2,45.35
1399,Under Construction,Yelahanka,2,1304,2,1,79
1400,Ready To Move,Kammasandra,2,990,2,1,31.5
1401,Ready To Move,Haralur Road,2,1300,2,2,73
1402,Under Construction,Tumkur Road,2,1239,2,1,82
1403,Under Construction,Sarjapur  Road,3,1403,3,3,51.63
1404,Ready To Move,Hosa Road,2,1365,2,1,92
1405,Ready To Move,8th block Koramangala,2,1165,2,1,135
1406,Ready To Move,Green Glen Layout,3,1776,3,2,105
1407,Ready To Move,Bidadi,2,1107,2,2,33
1408,Ready To Move,Nallurhalli,3,1520,3,3,80
1409,Under Construction,Kannamangala,3,1536,3,1,89
1410,Ready To Move,Belathur,2,1050,2,1,38
1411,Under Construction,Hoodi,3,1850,3,2,146
1412,Ready To Move,Billekahalli,2,1112,2,2,62
1413,Ready To Move,7th Phase JP Nagar,3,1250,3,2,65
1414,Ready To Move,Kalena Agrahara,2,1187,2,3,52
1415,Under Construction,Electronic City Phase II,3,1395,2,1,62.78
1416,Under Construction,Arekere,3,2072,3,2,108
1417,Ready To Move,Kanakpura Road,3,1450,3,3,60.91
1418,Ready To Move,Bannerghatta Road,3,1550,3,2,82
1419,Under Construction,Hebbal,4,3067,4,3,230
1420,Ready To Move,Amruthnagar,2,1210,2,2,72
1421,Ready To Move,Bisuvanahalli,3,1075,2,1,47
1422,Ready To Move,Sathya Sai Layout,6,11338,9,1,1000
1423,Ready To Move,Kaggadasapura,3,1470,2,2,75
1424,Ready To Move,Hosur Road,3,1590,2,2,125
1425,Ready To Move,Kanakpura Road,2,1050,2,1,36.75
1426,Ready To Move,Raja Rajeshwari Nagar,2,1306,2,1,55.91
1427,Ready To Move,Malleshwaram,3,2000,3,2,250
1428,Ready To Move,Sarjapur,4,3190,3,1,160
1429,Under Construction,Ramagondanahalli,2,1215,2,1,51.26
1430,Ready To Move,Budigere,3,1920,2,1,88
1431,Under Construction,Hoodi,2,1196,2,0,71.74
1432,Ready To Move,Bannerghatta Road,3,1550,2,2,75
1433,Ready To Move,Thigalarapalya,2,1418,2,2,101
1434,Ready To Move,KR Puram,2,1115,2,2,33.45
1435,Ready To Move,Rajiv Gandhi Nagar,2,1170,2,2,68
1436,Ready To Move,Anekal,2,1035,2,2,38.3
1437,Under Construction,Kengeri,2,750,2,2,22
1438,Ready To Move,Thanisandra,3,1917,3,3,122
1439,Ready To Move,Kaggadasapura,3,1615,3,3,58
1440,Ready To Move,Koramangala,2,1325,2,2,119
1441,Under Construction,Tumkur Road,2,1246,2,1,82
1442,Ready To Move,Sarjapur,2,1215,2,0,40
1443,Ready To Move,Munnekollal,2,1200,2,2,49.5
1444,Ready To Move,Kodigehaali,2,1200,2,2,60
1445,Ready To Move,Hormavu,2,1175,2,1,52
1446,Ready To Move,Whitefield,2,920,2,1,63
1447,Ready To Move,Hosakerehalli,4,3024,5,1,350
1448,Ready To Move,Bhagyalakshmi Avenue,2,955,1,2,34.01
1449,Ready To Move,Ardendale,3,1750,3,3,100
1450,Ready To Move,Uttarahalli,3,1425,2,2,64
1451,Ready To Move,Basavangudi,3,2150,3,2,265
1452,Ready To Move,Kaggadasapura,2,1050,2,2,48
1453,Ready To Move,Cholanayakanahalli,3,1370,2,2,75
1454,Under Construction,Electronic City,3,1374,2,1,72
1455,Ready To Move,Harlur,3,1754,3,2,124
1456,Ready To Move,Kothanur,3,1847,3,2,110
1457,Ready To Move,Ambedkar Nagar,3,1850,4,3,139
1458,Under Construction,Chikka Tirupathi,3,3297,3,1,135
1459,Ready To Move,Doddakannelli,2,1187,2,2,45
1460,Ready To Move,Doddaballapur,3,3000,2,2,120
1461,Under Construction,Thanisandra,1,693,1,1,34.3
1462,Under Construction,Dairy Circle,3,1980,3,2,224
1463,Ready To Move,KR Puram,2,1021,2,1,48
1464,Ready To Move,Thigalarapalya,2,1165,2,2,95
1465,Under Construction,Horamavu Agara,3,1756,3,2,92
1466,Ready To Move,Bharathi Nagar,3,1739,3,1,105
1467,Under Construction,Munnekollal,2,950,2,1,46.5
1468,Ready To Move,Devanahalli,2,1080,2,0,53.35
1469,Ready To Move,Arekere,2,1100,2,2,55
1470,Ready To Move,Ardendale,4,3200,4,1,205
1471,Ready To Move,Sarjapur  Road,2,1311,2,1,78
1472,Ready To Move,Raja Rajeshwari Nagar,3,1608,3,1,67.98
1473,Ready To Move,Whitefield,2,1170,2,1,71
1474,Under Construction,Hebbal,3,1255,2,1,77.68
1475,Ready To Move,Neeladri Nagar,1,674,1,1,21
1476,Ready To Move,Ramagondanahalli,3,2257,4,2,157
1477,Ready To Move,Raja Rajeshwari Nagar,3,1530,3,3,51.87
1478,Ready To Move,Raja Rajeshwari Nagar,3,1575,2,2,78
1479,Ready To Move,Frazer Town,3,3500,4,2,330
1480,Ready To Move,Rajiv Nagar,2,1263,2,1,93.32
1481,Ready To Move,Kengeri Satellite Town,2,1043,2,2,65
1482,Ready To Move,Hennur,2,1255,2,2,53.5
1483,Under Construction,Chandapura,1,590,1,0,13.57
1484,Ready To Move,Yelahanka,3,1550,3,1,120
1485,Ready To Move,Rustam Bagh Layout,3,1900,3,3,160
1486,Under Construction,8th Phase JP Nagar,3,1455,3,2,73.31
1487,Ready To Move,KR Puram,2,1035,2,1,40.5
1488,Ready To Move,Bellandur,2,1299,2,2,82
1489,Under Construction,Sarjapur  Road,3,1157,2,1,75
1490,Ready To Move,Rachenahalli,2,1050,2,2,52.5
1491,Ready To Move,Sompura,3,1025,2,0,37
1492,Ready To Move,Malleshwaram,2,1124,3,2,80
1493,Under Construction,Balagere,2,1012,2,1,54.59
1494,Ready To Move,Giri Nagar,7,4500,5,3,250
1495,Ready To Move,8th Phase JP Nagar,2,871,2,2,55
1496,Ready To Move,Chinnapanahalli,2,1020,2,2,40
1497,Ready To Move,Rachenahalli,3,1550,3,3,73.5
1498,Ready To Move,Akshaya Nagar,3,1410,2,2,80
1499,Under Construction,Chikka Tirupathi,4,3500,5,3,150
1500,Under Construction,Whitefield,2,1118,2,1,75
1501,Ready To Move,Thanisandra,2,1098,2,1,68
1502,Ready To Move,Sarjapur  Road,2,1145,2,2,75
1503,Ready To Move,Balaji Gardens Layout,2,1051,2,1,33
1504,Ready To Move,Jalahalli,2,1478,2,2,125
1505,Under Construction,Chandapura,1,645,1,1,16.45
1506,Under Construction,Hebbal,2,823,2,1,50.63
1507,Ready To Move,Budigere,3,1991,4,2,100
1508,Ready To Move,Gubbalala,3,1745,3,2,115
1509,Ready To Move,5th Phase JP Nagar,2,1450,2,1,58
1510,Ready To Move,Kanakpura Road,3,1843,3,2,95.84
1511,Ready To Move,Kaggadasapura,2,1132,2,2,42
1512,Ready To Move,Hulimavu,2,1375,2,2,80
1513,Ready To Move,Thanisandra,1,760,1,2,50.3
1514,Ready To Move,Jigani,2,918,2,2,45
1515,Ready To Move,HSR Layout,2,1372,2,1,61
1516,Ready To Move,Ardendale,3,1728,3,2,95
1517,Ready To Move,Malleshwaram,3,2215,3,1,275
1518,Ready To Move,BTM 2nd Stage,2,1200,2,2,80
1519,Ready To Move,Byrasandra,3,1455,2,2,56
1520,Under Construction, Rachenahalli,1,440,1,0,28
1521,Ready To Move,Kanakpura Road,3,1500,3,2,97
1522,Under Construction,Old Madras Road,2,1225,2,1,53.55
1523,Ready To Move,Electronic City,3,880,2,1,18
1524,Ready To Move,9th Phase JP Nagar,2,1005,2,1,42
1525,Under Construction,Whitefield,3,1562,3,2,103
1526,Ready To Move,Devanahalli,4,5000,5,2,395
1527,Ready To Move,Whitefield,2,1190,2,2,67
1528,Ready To Move,Chikkalasandra,2,1070,2,2,50
1529,Ready To Move,Jalahalli East,2,1020,2,1,42.48
1530,Ready To Move,Akshaya Vana,3,1300,2,1,49
1531,Ready To Move,Hebbal,2,1420,2,1,123
1532,Under Construction,Hebbal,3,1069,3,2,65.4
1533,Ready To Move,Marathahalli,3,1900,3,3,123
1534,Under Construction,Old Airport Road,2,1655,2,1,97.65
1535,Ready To Move,Uttarahalli,2,1155,2,2,40.42
1536,Ready To Move,Sarjapur  Road,3,1300,2,2,70
1537,Ready To Move,Electronic City,2,1100,2,2,45
1538,Ready To Move,Doddathoguru,2,1030,2,2,42
1539,Ready To Move,Vittasandra,2,2105,2,1,70.2
1540,Ready To Move,Bhoganhalli,3,1700,3,2,126
1541,Ready To Move,Jakkur,3,1760,3,2,139
1542,Ready To Move,Bannerghatta Road,2,912,2,1,55
1543,Ready To Move,Channasandra Layout,3,1535,3,1,55
1544,Ready To Move,Haralur Road,2,1243,2,2,46
1545,Ready To Move,Jigani,2,918,2,2,63.2
1546,Ready To Move,Begur Road,3,1500,2,3,70
1547,Ready To Move,Kasavanhalli,3,1476,3,0,89
1548,Under Construction,Vijayanagar,1,606,1,0,34.78
1549,Ready To Move,Neeladri Nagar,1,527,1,0,26
1550,Ready To Move,OMBR Layout,2,1300,2,2,80
1551,Ready To Move,Koramangala,2,1140,2,1,75.2
1552,Under Construction,Whitefield,3,2321,4,1,128
1553,Ready To Move,Sarjapur  Road,3,1725,3,3,90
1554,Under Construction,Hebbal,4,3067,4,1,310
1555,Under Construction,Hennur Road,3,1186,2,1,63
1556,Under Construction,Kanakpura Road,2,1230,2,1,85
1557,Under Construction,Binny Pete,1,660,1,1,54
1558,Ready To Move,Basavangudi,2,1036,2,2,105
1559,Ready To Move,Old Madras Road,2,1100,2,1,70
1560,Ready To Move,Electronics City Phase 1,2,1015,2,1,56
1561,Ready To Move,Nehru Nagar,3,2167,3,3,170
1562,Ready To Move,Gopalkrishna Nagar,2,1165,2,2,75
1563,Ready To Move,BTM 2nd Stage,2,1274,2,2,70
1564,Ready To Move,Raja Rajeshwari Nagar,2,1151,2,2,39.02
1565,Ready To Move,Thubarahalli,3,1626,2,2,120
1566,Ready To Move,Raja Rajeshwari Nagar,3,1570,2,2,65
1567,Ready To Move,Volagerekallahalli,2,1053,2,2,38
1568,Ready To Move,Keerthi Layout,2,780,2,2,25
1569,Ready To Move,Kereguddadahalli,2,904,2,1,30
1570,Ready To Move,Shikaripalya,2,1121,2,1,43.72
1571,Ready To Move,7th Phase JP Nagar,3,1385,2,2,58.17
1572,Ready To Move,Sahakara Nagar,2,1270,2,1,69.85
1573,Ready To Move,Kanakpura Road,3,1450,3,3,56
1574,Ready To Move,Raja Rajeshwari Nagar,3,1580,3,3,53.56
1575,Ready To Move,Thanisandra,2,1111,2,1,50
1576,Ready To Move,Varthur,2,977,2,2,36
1577,Ready To Move,Sarjapur,4,2540,4,1,115
1578,Under Construction,Jakkur,2,1290,2,1,100
1579,Ready To Move,Abbigere,2,795,2,1,32.54
1580,Under Construction,Kanakpura Road,2,700,1,1,35
1581,Ready To Move,Ambedkar Colony,2,1463,1,1,142
1582,Ready To Move,Bommenahalli,4,1670,3,0,135
1583,Ready To Move,Jayanagar,3,1875,2,3,235
1584,Ready To Move,Marsur,3,1200,3,1,90
1585,Ready To Move,1st Phase JP Nagar,3,2065,4,1,210
1586,Ready To Move,Hoskote,3,1225,3,1,40
1587,Ready To Move,Bellandur,2,900,2,2,56
1588,Under Construction,Binny Pete,2,1350,2,1,91
1589,Ready To Move,Kaggalipura,1,700,1,0,36
1590,Ready To Move,LB Shastri Nagar,2,1043,2,2,55
1591,Ready To Move,Hebbal,2,1040,2,2,46
1592,Ready To Move,Tindlu,3,1357,2,2,65
1593,Ready To Move,Doddathoguru,3,1549,3,2,65
1594,Ready To Move,Yeshwanthpur,2,1400,2,2,100
1595,Ready To Move,Dodda Nekkundi,2,1080,2,2,50
1596,Ready To Move,Ulsoor,2,1180,2,2,100
1597,Ready To Move,Domlur,3,1800,3,2,150
1598,Under Construction,Haralur Road,2,1225,2,1,67.38
1599,Ready To Move,Abbigere,2,1005,2,1,39.59
1600,Ready To Move,Whitefield,2,1320,2,1,95
1601,Ready To Move,Hagadur,2,1110,2,2,51
1602,Under Construction,Electronic City,2,1128,2,1,65.35
1603,Under Construction,Jakkur,2,1452,2,1,100
1604,Under Construction,Banashankari,3,2600,4,1,135
1605,Ready To Move,Sarakki Nagar,3,2500,4,2,325
1606,Ready To Move,Soundarya Layout,2,960,2,2,32
1607,Ready To Move,Whitefield,2,735,2,1,35
1608,Ready To Move,Rajaji Nagar,5,2849,5,0,300
1609,Ready To Move,Hebbal,2,1420,2,1,99.39
1610,Ready To Move,Bisuvanahalli,2,850,1,1,32
1611,Ready To Move,7th Phase JP Nagar,3,1575,2,2,110
1612,Ready To Move,Thigalarapalya,2,1418,2,2,104
1613,Ready To Move,Hennur Road,2,1065,2,1,42.6
1614,Under Construction,Electronic City Phase II,2,1160,2,1,33.5
1615,Ready To Move,Kudlu,2,1092,2,2,44
1616,Ready To Move,Parappana Agrahara,2,1194,2,2,47
1617,Ready To Move,Yelahanka,3,1455,3,1,61.5
1618,Under Construction,Abbigere,1,734,1,0,19.82
1619,Ready To Move,Samethanahalli,2,799,2,1,38
1620,Ready To Move,Ardendale,2,1100,2,1,48
1621,Under Construction,Electronic City,2,1128,2,1,65
1622,Ready To Move,Cunningham Road,3,3875,3,2,864
1623,Ready To Move,8th Phase JP Nagar,2,1098,2,1,43.91
1624,Ready To Move,Dollars Layout,3,1460,3,2,88
1625,Ready To Move,Varthur,2,1091,2,1,32
1626,Ready To Move,Yelahanka,2,1180,2,3,42
1627,Under Construction,Kanakpura Road,2,1366,3,1,76.85
1628,Ready To Move,RMV Extension,3,1685,3,2,95
1629,Ready To Move,Koramangala,2,1260,2,3,100
1630,Ready To Move,Whitefield,3,3010,3,2,200
1631,Under Construction,Whitefield,2,1346,2,1,96.17
1632,Under Construction,Chandapura,1,630,1,0,13.86
1633,Ready To Move,7th Phase JP Nagar,3,1850,3,2,140
1634,Ready To Move,Electronic City,2,755,1,1,34
1635,Ready To Move,Parappana Agrahara,2,1194,2,2,46
1636,Under Construction,Hebbal,4,4235,4,2,365
1637,Ready To Move,Rachenahalli,3,2250,3,1,195
1638,Ready To Move,Vijayanagar,2,1352,2,2,68
1639,Ready To Move,Thanisandra,3,2002,3,2,112
1640,Ready To Move,Bileshivale,4,4000,5,1,280
1641,Ready To Move,Kaval Byrasandra,2,1060,2,2,45
1642,Ready To Move,Kanakpura Road,3,1420,2,1,59
1643,Ready To Move,Raja Rajeshwari Nagar,2,1196,2,2,51.15
1644,Under Construction,Electronics City Phase 1,3,1595,3,2,75
1645,Ready To Move,Banashankari,2,1260,2,3,75
1646,Ready To Move,Frazer Town,2,1550,2,2,140
1647,Under Construction,Electronic City,4,4000,5,1,150
1648,Ready To Move,Akshaya Nagar,3,1662,3,2,85
1649,Ready To Move,Ambedkar Nagar,3,1862,3,2,119
1650,Ready To Move,Raja Rajeshwari Nagar,2,1419,2,2,48
1651,Ready To Move,Raja Rajeshwari Nagar,3,1560,2,2,62.4
1652,Under Construction,Thanisandra,3,1634,3,3,78
1653,Ready To Move,Ambedkar Nagar,5,5530,5,3,627
1654,Under Construction,Nagavarapalya,2,1392,2,1,99
1655,Under Construction,Jakkur,3,1798,3,1,120
1656,Ready To Move,Babusapalaya,3,1675,3,3,75
1657,Under Construction,Hebbal,3,1700,3,2,124
1658,Ready To Move,Hulimavu,2,1248,2,1,69
1659,Ready To Move,Kalkere,2,1147,2,1,54
1660,Ready To Move,Sultan Palaya,2,1100,2,2,40
1661,Ready To Move,Vijayanagar,3,1527,3,2,115
1662,Under Construction,Kanakpura Road,1,525,1,1,25
1663,Ready To Move,Kaggadasapura,2,1100,2,3,58
1664,Ready To Move,Gopal Reddy Layout,3,2100,3,1,75
1665,Ready To Move,Ambalipura,2,1332,2,1,79
1666,Ready To Move,Haralur Road,2,1243,2,2,46
1667,Ready To Move,Kasavanhalli,2,1200,2,2,50
1668,Under Construction,Ramagondanahalli,2,1251,2,1,47.4
1669,Ready To Move,Kambipura,2,883,2,1,45
1670,Ready To Move,Pai Layout,3,1400,2,3,67
1671,Ready To Move,Rajaji Nagar,3,1800,3,3,260
1672,Ready To Move,Hegde Nagar,3,1703,3,2,113
1673,Ready To Move,Jigani,2,933,2,2,43
1674,Ready To Move,Brookefield,2,1262,2,1,75
1675,Ready To Move,Yelahanka,2,915,2,2,48
1676,Ready To Move,Panathur,3,1370,2,2,61.5
1677,Ready To Move,Malleshpalya,2,1210,2,3,55
1678,Ready To Move,Kodihalli,3,2392,4,2,260
1679,Ready To Move,Thanisandra,3,1445,2,3,40.31
1680,Ready To Move,Uttarahalli,3,1300,2,1,55
1681,Ready To Move,Jakkur,2,1300,2,1,85
1682,Under Construction,Chandapura,3,1185,2,2,30.22
1683,Ready To Move,Hennur Road,2,1385,2,1,83.09
1684,Ready To Move,Lakshminarayana Pura,2,1149,2,1,75
1685,Ready To Move,Sarjapur  Road,3,2180,3,2,170
1686,Ready To Move,Thurahalli,5,1200,5,0,195
1687,Ready To Move,Hulimavu,3,1818,3,1,135
1688,Ready To Move,Rajaji Nagar,3,1640,3,2,241
1689,Ready To Move,Nagarbhavi,3,1350,2,2,54.6
1690,Under Construction,Hoodi,2,1430,2,2,113
1691,Ready To Move,Sarjapur  Road,2,1084,2,3,55
1692,Ready To Move,Hennur Road,3,1186,2,1,56
1693,Ready To Move,Kengeri,2,1255,2,2,50
1694,Ready To Move,Haralur Road,4,3400,5,3,240
1695,Under Construction,Hosa Road,3,1541,3,1,69.84
1696,Ready To Move,Iblur Village,4,3596,5,1,282
1697,Ready To Move,Raja Rajeshwari Nagar,2,1295,2,2,70
1698,Ready To Move,7th Phase JP Nagar,3,1370,2,2,54.79
1699,Ready To Move,Electronic City,2,1100,2,1,40
1700,Under Construction,Hebbal,4,4772,6,2,510
1701,Ready To Move,Rajaji Nagar,2,1370,2,1,170
1702,Ready To Move,JP Nagar,2,1200,2,2,62
1703,Ready To Move,Somasundara Palya,2,1178,2,3,73
1704,Ready To Move,Dasanapura,3,1286,3,2,61.44
1705,Ready To Move,Begur Road,2,1160,2,2,42
1706,Ready To Move,Jigani,2,918,2,2,55
1707,Under Construction,Electronic City,3,1563,3,2,91.84
1708,Under Construction,Hebbal,4,3960,5,3,386
1709,Ready To Move,Kaggadasapura,2,1325,2,2,50
1710,Ready To Move,Sonnenahalli,2,1100,2,1,44
1711,Ready To Move,Cunningham Road,3,3875,3,2,800
1712,Ready To Move,Gollarapalya Hosahalli,3,1605,3,2,50
1713,Ready To Move,Somasundara Palya,2,1260,2,1,60
1714,Under Construction,Hoodi,3,1553,3,2,83.09
1715,Ready To Move,Whitefield,2,1280,2,2,52
1716,Ready To Move,Hebbal,3,1550,2,2,75
1717,Ready To Move,Murugeshpalya,3,1550,3,2,74
1718,Ready To Move,Electronics City Phase 1,3,1515,2,1,80.91
1719,Under Construction,Hosa Road,3,1332,2,1,86.12
1720,Ready To Move,Electronic City,3,1652,3,2,70
1721,Ready To Move,Hegde Nagar,3,1570,3,1,105
1722,Ready To Move,Sarjapur  Road,4,5400,4,3,725
1723,Ready To Move,Sector 2 HSR Layout,1,794,1,1,60
1724,Ready To Move,7th Phase JP Nagar,4,3600,3,2,410
1725,Ready To Move,HRBR Layout,3,2800,3,2,250
1726,Ready To Move,Sarjapur  Road,3,1750,3,2,110
1727,Under Construction,Kanakpura Road,3,1100,3,2,53
1728,Ready To Move,Kadubeesanahalli,3,1665,3,3,70
1729,Ready To Move,Outer Ring Road East,4,4051,4,3,345
1730,Ready To Move,Bommasandra,3,1447,3,2,80
1731,Ready To Move,Balagere,2,1012,2,1,75
1732,Ready To Move,Malleshpalya,3,1900,3,2,60
1733,Ready To Move,Narayanapura,2,1308,2,2,92.66
1734,Under Construction,Gunjur,2,1140,2,2,49.11
1735,Ready To Move,Kanakapura,3,1290,3,3,45.15
1736,Ready To Move,Ambedkar Nagar,2,1424,2,2,90
1737,Ready To Move,Akshaya Nagar,3,1662,3,2,85.5
1738,Ready To Move,Shanthala Nagar,5,8321,5,3,2700
1739,Ready To Move,Begur Road,2,1200,2,2,45
1740,Ready To Move,Battarahalli,3,1777,3,2,100
1741,Under Construction,Anandapura,3,1576,3,2,59.1
1742,Under Construction,Raja Rajeshwari Nagar,1,648,1,1,31.75
1743,Ready To Move,Neeladri Nagar,3,1167,2,1,38
1744,Ready To Move,Kogilu,3,2350,5,1,327
1745,Ready To Move,Cleveland Town,3,1991,3,2,160
1746,Ready To Move,Rachenahalli,3,2721,3,2,113
1747,Ready To Move,Thanisandra,3,2000,3,2,99
1748,Ready To Move,Whitefield,4,2500,4,3,155
1749,Ready To Move,Mallasandra,2,1325,2,2,70
1750,Under Construction,Kadugodi,2,1314,2,3,68.2
1751,Ready To Move,Kada Agrahara,3,2220,4,2,65
1752,Under Construction,Hebbal,2,1420,2,1,99.39
1753,Ready To Move,Sarjapur  Road,3,1888,4,1,95
1754,Under Construction,JP Nagar,2,1300,2,1,90.87
1755,Under Construction,Rajaji Nagar,2,1216,2,0,97.16
1756,Ready To Move,Harlur,2,1290,2,1,87
1757,Ready To Move,Koramangala,2,1900,2,1,200
1758,Ready To Move,Sarjapur  Road,3,1300,3,2,60
1759,Ready To Move,Channasandra,2,1115,2,1,33.45
1760,Ready To Move,Rajaji Nagar,3,2409,3,2,360
1761,Ready To Move,Ambedkar Nagar,3,2150,4,2,125
1762,Under Construction,Marathahalli,3,1305,2,1,69
1763,Under Construction,Kanakpura Road,2,1252,2,1,56.32
1764,Ready To Move,Electronic City Phase II,2,545,1,1,35
1765,Ready To Move,Subramanyapura,2,1313,2,2,66.5
1766,Ready To Move,JCR Layout,2,1160,2,1,41.75
1767,Ready To Move,Subramanyapura,3,1255,2,2,79
1768,Ready To Move,Bellari Road,2,900,2,1,45
1769,Ready To Move,Yelahanka New Town,3,1700,3,2,90
1770,Ready To Move,Indira Nagar,3,1875,3,1,180
1771,Ready To Move,Uttarahalli,3,1700,3,2,88
1772,Ready To Move,Harlur,3,1749,3,2,115
1773,Ready To Move,Abbaiah Reddy Layout,2,1200,2,2,50
1774,Ready To Move,Ramagondanahalli,3,1610,2,2,115
1775,Ready To Move,Electronic City,2,1070,2,1,46
1776,Ready To Move,Indira Nagar,2,1210,2,1,102
1777,Ready To Move,Thigalarapalya,4,4190,4,3,380
1778,Ready To Move,Tata Nagar,2,1364,2,2,70
1779,Ready To Move,Whitefield,4,2268,3,0,146
1780,Ready To Move,Magadi Road,2,1345,2,2,55
1781,Ready To Move,Mylasandra,2,1110,2,2,41
1782,Ready To Move,Kengeri,2,750,2,1,36
1783,Ready To Move,Motappa Layout,2,1156,2,2,49.5
1784,Ready To Move,Pattandur Agrahara,2,1247,2,1,59.8
1785,Ready To Move,Kaggalipura,2,950,2,1,48
1786,Under Construction,Vijayanagar,3,1520,2,1,103
1787,Ready To Move,Hennur Road,3,2350,3,2,174
1788,Ready To Move, Devarabeesana Halli,3,1672,3,2,150
1789,Under Construction,Whitefield,4,4500,4,2,378
1790,Under Construction,Bommasandra,2,920,2,1,37.46
1791,Under Construction,Sarjapur  Road,3,1200,3,2,70
1792,Ready To Move,Brindavan Nagar,3,1250,3,2,139
1793,Ready To Move,HSR Layout,2,1140,2,2,46
1794,Ready To Move,Haralur Road,2,1464,2,2,56
1795,Ready To Move,Ambedkar Colony,2,1468,3,2,130
1796,Ready To Move,Electronics City Phase 1,3,1555,2,1,82
1797,Ready To Move,Whitefield,2,1150,2,0,55
1798,Ready To Move,Seetharampalya,2,1166,2,1,53
1799,Ready To Move,Konanakunte,3,2779,3,1,317
1800,Ready To Move,Electronic City,3,1350,3,2,58
1801,Ready To Move,Kanaka Nagar,3,1190,3,1,55
1802,Ready To Move,Kodichikkanahalli,3,1495,2,2,75
1803,Ready To Move,Indira Nagar,2,1224,2,2,105
1804,Ready To Move,Banashankari Stage III,3,1350,2,2,68
1805,Ready To Move,Green Glen Layout,2,940,2,1,56.8
1806,Ready To Move,Raja Rajeshwari Nagar,2,1100,2,1,55
1807,Ready To Move,Kaikondrahalli,2,1300,2,2,61
1808,Under Construction,Sarjapur  Road,3,2600,3,2,200
1809,Under Construction,Yelahanka,3,1517,3,2,76.3
1810,Ready To Move,Marathahalli,2,1365,2,2,73
1811,Ready To Move,Electronic City,2,1000,2,3,25
1812,Ready To Move,CV Raman Nagar,2,1392,2,1,98
1813,Ready To Move,Hennur Road,3,1586,3,3,93.94
1814,Under Construction,Electronic City Phase II,2,1065,2,1,30.75
1815,Ready To Move,7th Phase JP Nagar,3,1575,2,2,120
1816,Ready To Move,Gubbalala,3,1745,3,2,110
1817,Ready To Move,Nagarbhavi,2,1223,2,1,60
1818,Ready To Move,Basaveshwara Nagar,2,1200,2,0,90
1819,Under Construction,Binny Pete,1,665,1,1,46.08
1820,Ready To Move,Bharathi Nagar,2,1351,2,2,70
1821,Under Construction,Hebbal,3,1355,3,1,83.87
1822,Ready To Move,Panathur,3,1370,2,2,75
1823,Ready To Move,Hoodi,2,1247,2,0,53
1824,Under Construction,Balagere,2,1020,2,1,68.38
1825,Ready To Move,B Narayanapura,3,1460,2,3,73
1826,Under Construction,Hosa Road,3,1665,2,3,125
1827,Under Construction,Kanakapura,2,1295,2,2,64
1828,Under Construction,Haralur Road,2,1230,2,1,78
1829,Ready To Move,Kaggalipura,2,1000,2,1,60
1830,Ready To Move,Thanisandra,3,1697,3,2,115
1831,Ready To Move,Whitefield,4,3537,5,3,210
1832,Under Construction,Hosa Road,1,615,1,1,28.29
1833,Ready To Move,Banashankari,3,1350,2,0,83
1834,Under Construction,Jalahalli,2,1083,2,1,32.49
1835,Ready To Move,Gottigere,3,1460,2,2,65
1836,Under Construction,Bommasandra,2,1035,2,1,41.43
1837,Ready To Move,Hosur Road,1,460,1,1,21
1838,Ready To Move,Whitefield,2,1285,2,2,55.9
1839,Ready To Move,Sarjapur,3,1200,3,2,78
1840,Ready To Move,Raghuvanahalli,2,1070,2,1,35
1841,Ready To Move,Hegde Nagar,3,1801,3,2,140
1842,Under Construction,Whitefield,3,1697,3,2,115
1843,Ready To Move,AECS Layout,2,1199,2,2,65
1844,Ready To Move,Iblur Village,3,2300,3,1,220
1845,Ready To Move,Marathahalli,4,3800,4,3,205
1846,Ready To Move,Wilson Garden,2,1125,2,1,75
1847,Ready To Move,Subramanyapura,2,1050,2,3,41
1848,Ready To Move,Nagarbhavi,2,956,2,1,49
1849,Ready To Move,Sarjapur,2,1000,2,2,30
1850,Ready To Move,Dooravani Nagar,3,1596,3,0,95
1851,Under Construction,Kanakpura Road,2,1296,2,3,89.06
1852,Ready To Move,Challaghatta,3,1639,3,3,123
1853,Ready To Move,Electronic City Phase II,2,1219,2,1,61.25
1854,Ready To Move,Yeshwanthpur,3,2559,3,2,141
1855,Under Construction,Bannerghatta Road,3,1427,2,2,48.51
1856,Ready To Move,Ramagondanahalli,2,920,2,3,65
1857,Ready To Move,Lingadheeranahalli,3,1530,2,2,90
1858,Ready To Move,Nehru Nagar,4,2363,5,2,120
1859,Ready To Move,Marathahalli,4,3895,4,3,220
1860,Under Construction,Jakkur,3,1950,3,2,131
1861,Ready To Move,Hoysalanagar,2,885,2,3,40
1862,Ready To Move,Kanakpura Road,2,1339,2,2,62
1863,Ready To Move,Whitefield,2,1130,2,1,36
1864,Ready To Move,Yeshwanthpur,3,1430,3,2,72
1865,Under Construction,Bhoganhalli,4,1452,4,1,121
1866,Ready To Move,KR Garden,2,925,2,2,63
1867,Ready To Move,Bellandur,4,3016,4,3,230
1868,Ready To Move,Whitefield,2,1215,2,2,39
1869,Ready To Move,Lakshminarayana Pura,2,1336,2,2,100
1870,Ready To Move,Yeshwanthpur,1,673,1,1,36.85
1871,Ready To Move,Kanakpura Road,2,1470,2,2,61.74
1872,Ready To Move,Marathahalli,3,1785,3,2,94
1873,Ready To Move,Yelahanka New Town,1,650,1,1,20
1874,Ready To Move,Thanisandra,2,1220,2,1,43.92
1875,Ready To Move,Dooravani Nagar,3,1570,3,1,115
1876,Ready To Move,Mallasandra,3,1665,3,2,86.91
1877,Ready To Move,Sarjapur  Road,4,4000,5,2,600
1878,Ready To Move,Kathriguppe,3,1350,2,1,87.01
1879,Ready To Move,Kasavanhalli,3,1719,3,2,116
1880,Ready To Move,Budigere,1,664,1,1,35
1881,Under Construction,Sonnenahalli,2,1011,2,1,50.53
1882,Ready To Move,Whitefield,3,1520,2,2,150
1883,Ready To Move,Uttarahalli,3,1350,2,2,53
1884,Ready To Move,Pattandur Agrahara,2,875,2,1,33
1885,Ready To Move,Hennur,2,1231,2,2,48
1886,Ready To Move,Somasundara Palya,2,1174,2,3,74
1887,Ready To Move,Munnekollal,3,1560,3,3,75
1888,Ready To Move,Sahyadri Layout,3,1750,3,1,180
1889,Ready To Move,Kodihalli,3,2408,4,2,260
1890,Ready To Move,Devanahalli,2,1080,2,1,44
1891,Ready To Move,Begur Road,3,1500,2,3,55
1892,Ready To Move,Channasandra,2,1030,2,1,34.5
1893,Under Construction,Hebbal,2,1440,2,1,115
1894,Ready To Move,Hoodi,2,1500,2,1,84
1895,Ready To Move,Bagalur,2,1200,2,3,50
1896,Ready To Move,Harlur,3,2240,5,2,155
1897,Ready To Move,Hegde Nagar,3,1584,3,1,103
1898,Ready To Move,P Krishnappa Layout,3,1340,3,3,77
1899,Ready To Move,Green Garden Layout,3,1800,3,2,70
1900,Under Construction,Sarjapur  Road,1,685,1,1,40
1901,Ready To Move,Kalkere,2,925,2,3,42
1902,Ready To Move,Crimson Layout,2,1230,2,2,57
1903,Ready To Move,Kodichikkanahalli,2,1125,2,1,52
1904,Under Construction,Jigani,3,2400,3,2,149
1905,Under Construction,Electronic City Phase II,3,1400,2,2,41.58
1906,Ready To Move,Jakkur,3,1858,3,1,98.3
1907,Ready To Move,Ambedkar Nagar,4,3530,4,2,290
1908,Ready To Move,Kudlu Gate,3,1335,3,2,89
1909,Ready To Move,Kundalahalli,3,1397,3,2,110
1910,Ready To Move,Yelahanka New Town,2,1200,2,1,130
1911,Ready To Move,Raja Rajeshwari Nagar,2,1140,2,2,38.55
1912,Under Construction,Kanakpura Road,1,525,1,1,30
1913,Under Construction,Balagere,2,1205,2,1,81
1914,Ready To Move,Electronic City,3,1700,3,2,75
1915,Under Construction,Kanakpura Road,2,1090,2,1,54.54
1916,Under Construction,Thanisandra,1,923,1,1,60.84
1917,Under Construction,Muthurayya Swamy Layout,4,3595,6,2,360
1918,Ready To Move,Green Glen Layout,2,1050,2,2,48
1919,Ready To Move,Whitefield,2,1495,2,2,79.5
1920,Ready To Move,Electronic City,3,1400,2,1,48
1921,Ready To Move,Sarjapur  Road,2,944,2,1,35
1922,Under Construction,Whitefield,2,1216,2,1,66.48
1923,Ready To Move,Thanisandra,3,1743,3,2,93.25
1924,Ready To Move,Yelahanka,2,1274,2,2,48.42
1925,Ready To Move,Mysore Road,3,1512,2,2,110
1926,Ready To Move,Doddathoguru,3,1875,3,1,55
1927,Ready To Move,Anandapura,2,1151,2,1,43.1
1928,Ready To Move,Bommenahalli,3,832,3,1,77
1929,Ready To Move,Sarjapur  Road,2,915,2,1,38
1930,Under Construction,Bannerghatta Road,2,1115,2,1,65.12
1931,Ready To Move,Thigalarapalya,3,2072,4,2,139
1932,Ready To Move,Kaggadasapura,2,1200,2,2,53
1933,Ready To Move,Singasandra,2,1300,2,2,65
1934,Ready To Move,Bellandur,2,1457,2,2,85
1935,Ready To Move,Kannamangala,2,1262,2,2,55
1936,Ready To Move,Attibele,1,420,1,1,17
1937,Ready To Move,HSR Layout,2,1127,2,1,68
1938,Under Construction,Kundalahalli,3,1397,3,2,104
1939,Under Construction,Jakkur,2,1230,2,1,76
1940,Under Construction,Sarjapur  Road,2,858,2,1,31.57
1941,Under Construction,Talaghattapura,3,1868,3,1,121
1942,Ready To Move,Uttarahalli,3,1689,3,2,91.2
1943,Ready To Move,Uttarahalli,3,1310,2,1,85
1944,Under Construction,Kundalahalli,3,1397,3,3,108
1945,Under Construction,Sarjapur,2,1157,2,1,40
1946,Ready To Move,Sonnenahalli,2,1157,2,1,42
1947,Ready To Move,Sarjapur  Road,2,1241,2,1,82
1948,Under Construction,Binny Pete,1,660,1,1,62
1949,Ready To Move,Marathahalli,4,4000,4,3,220
1950,Ready To Move,Rajiv Nagar,4,2340,4,1,148
1951,Ready To Move,Venkatadri Layout,1,596,1,1,42
1952,Ready To Move,Kyalasanahalli,4,1200,4,3,110
1953,Ready To Move,Ambedkar Colony,3,1910,3,1,190
1954,Ready To Move,Brookefield,2,1139,2,2,80
1955,Ready To Move,Thigalarapalya,4,3122,5,2,225
1956,Ready To Move,Yeshwanthpur,2,1168,2,2,64.08
1957,Under Construction,Electronics City Phase 1,2,1340,2,2,75
1958,Ready To Move,B Narayanapura,3,1405,2,2,70
1959,Ready To Move, Devarabeesana Halli,3,1750,3,3,149
1960,Ready To Move,Motappa Layout,3,1360,2,1,65
1961,Under Construction,Byrasandra,2,985,2,1,63
1962,Ready To Move,7th Phase JP Nagar,3,1850,3,2,150
1963,Ready To Move,Rustam Bagh Layout,3,1490,2,3,88
1964,Ready To Move,Byagadadhenahalli,2,620,1,1,25
1965,Ready To Move,Yelachenahalli,2,1080,2,2,55
1966,Ready To Move,Begur Road,3,1410,2,3,52.17
1967,Ready To Move,Hennur Road,3,1290,2,1,94.5
1968,Under Construction,Hosa Road,3,1318,2,1,85.28
1969,Ready To Move,Electronic City,2,1128,2,1,68
1970,Ready To Move,Meenakunte,4,4428,4,2,255
1971,Under Construction,Kanakpura Road,2,1051,2,2,56.74
1972,Ready To Move,Kannamangala,4,2400,4,1,130
1973,Ready To Move,Yelahanka,2,1327,2,3,85
1974,Ready To Move,Thigalarapalya,4,2912,6,2,210
1975,Ready To Move,Basapura,2,1301,2,2,55
1976,Under Construction,Electronic City Phase II,2,1000,2,1,28.88
1977,Under Construction,Sarjapur  Road,2,984,2,1,45.91
1978,Under Construction,Jakkur,3,1819,3,1,160
1979,Under Construction,Hebbal,3,1355,3,1,83.87
1980,Ready To Move,Sarakki Nagar,3,2145,4,1,270
1981,Ready To Move,Malleshwaram,3,2475,4,3,300
1982,Under Construction,Hosakerehalli,2,1304,2,3,100
1983,Ready To Move,Begur Road,3,1615,3,2,58
1984,Ready To Move,Sarjapur  Road,2,1400,2,2,68
1985,Ready To Move,CV Raman Nagar,2,1070,2,2,47.5
1986,Under Construction,Hebbal,3,3500,3,3,395
1987,Under Construction,Hoodi,2,1132,2,1,89.37
1988,Ready To Move,Sector 2 HSR Layout,1,794,1,2,65
1989,Ready To Move,Raja Rajeshwari Nagar,2,1090,2,2,43.59
1990,Ready To Move,Gottigere,3,1500,3,2,70
1991,Ready To Move,1st Phase JP Nagar,3,2059,3,2,225
1992,Under Construction,Kanakpura Road,1,525,1,1,30
1993,Under Construction,Bhoganhalli,2,1447,2,1,75.97
1994,Under Construction,Whitefield,2,1269,2,1,75
1995,Ready To Move,Kanakpura Road,2,1070,2,2,37.45
1996,Ready To Move,Ramamurthy Nagar,2,1185,2,1,45.5
1997,Under Construction,Chandapura,2,1015,2,2,25.88
1998,Ready To Move,Ckikkakammana Halli,2,902,2,2,42
1999,Under Construction,Binny Pete,2,1365,2,1,122
2000,Ready To Move,Doddathoguru,2,984,2,1,51
